Sample:,STf1,STf2,STf3,STf4,STf5,STf6,STf7,STm1,STm2,STm3,STm4,STm5,STm6,STw2,STw3,STw4,STw5,STw6,STw7
gbr.1.186.t1,0,0,0,0,0,0,0,0,0,0,0,0,0,0,0,0,0,0,0
gbr.102.54.t1,50.18805427,72.13691043,118.3444914,143.712772,82.37511573,26.12750674,94.59730656,48.35983986,17.60537418,85.3104469,10.42703747,178.0629048,25.78468843,24.09528371,65.25973808,30.96547192,105.6833425,193.8720565,76.55953549
gbr.104.24.t1,156.667239,229.7843012,26.15593636,33.4283386,29.38054,44.41158331,26.71832288,30.79589656,36.69078974,35.71440229,32.79320168,59.42672088,53.21511795,46.50016426,64.91840412,42.37603266,39.23990423,52.21154866,16.21589844
gbr.107.17.t1,1.273220875,20.86406171,2.125669949,2.19088039,1.591820434,0.975483871,2.433437059,2.944418158,2.066613618,3.502990775,3.868656772,3.149711316,1.457779498,5.827472253,1.23801807,3.57803939,24.0707608,7.846989009,1.924296887
gbr.109.12.t1,79.29052677,52.36536853,88.30454199,79.91697052,85.31027148,110.7399853,94.71476533,64.28068734,32.263266,20.97602572,67.99546071,58.57256821,52.49663317,97.19518576,59.3538694,98.98097368,80.78989618,73.67259367,53.71465631
gbr.1090.1.t1,0,0,454.4180084,196.7105531,183.758542,0,408.165824,0,0,0,0,0,0,0,0,0,412.9718134,0,7.479440105
gbr.110.53.t1,113.7545101,107.8400235,177.5858355,174.6881619,213.0535337,108.9419087,184.7424902,154.8570374,105.4314978,116.974149,78.14877284,85.07667759,85.81948962,215.5611857,180.3090773,173.6611827,296.6558171,251.3563985,126.0050338
gbr.110.6.t1,21.01581519,53.15167159,9.459558013,4.254438327,4.507901754,8.287465144,1.817482902,19.65467009,1.074944602,9.312817925,16.69441677,12.23275593,12.97468568,4.286470624,5.316735368,4.885412298,5.210168605,9.876450538,4.104778364
gbr.112.26.t1,135.0977636,106.9551485,125.8749856,109.5138073,123.0608011,188.6708242,126.2103646,79.44391428,52.070337,51.4501998,77.88896117,80.39090642,72.73086287,146.4490866,103.4823156,103.6532278,102.1540793,88.07268592,75.55286885
gbr.112.29.t1,22.53704084,13.41715193,25.03348062,30.64899229,26.13144175,27.1535215,19.77333577,11.55855748,2.317903719,9.762813917,12.88571264,13.78823826,14.91353161,24.95588209,14.54584197,21.70728475,19.04061068,14.72784108,6.076485326
gbr.122.40.t1,38.63564916,14.99436052,47.32367121,27.05656905,37.17710713,77.44415102,42.83715208,26.52977152,13.6166512,11.01485961,19.93395578,25.08509844,20.81984447,60.26191313,45.07515153,44.52564323,29.21258145,19.85027589,17.72406856
gbr.13.93.t1,281.6517353,294.5177519,344.6083847,404.7334995,276.3760926,258.2577974,292.2061917,199.2132238,179.4826701,198.8945391,148.3644805,247.0758643,186.7782215,237.5691103,294.3333175,326.2854076,256.1706325,276.4270887,222.3074305
gbr.132.18.t1,191.8591227,629.7139422,9.533124379,8.421923746,3.467483306,0,326.682037,9.903761589,0.567445149,5.129822317,0,4.035916132,0.933970641,0,0.732160447,1.719284576,3.536177462,304.9962952,2.465718305
gbr.133.27.t1,6.238233743,26.40615624,21.03001978,30.82690874,27.63062072,1.225500179,50.67775011,8.322911781,2.596286246,26.50962048,4.860192676,5.671673703,5.952076232,4.104226203,30.92697651,8.709237108,43.33771095,25.28438204,12.34386969
gbr.14.159.t1,1.758302846,0.950924766,2.446270709,0.504263282,2.076158091,2.245219323,3.015876015,0.847126326,0.679516372,1.919677971,0.989364605,3.383110708,5.032940256,2.845135749,3.068671112,4.117691441,2.117288765,2.341240362,2.013205343
gbr.143.14.t1,116.0905306,141.5013151,187.3470074,234.4807118,74.70262005,151.7860753,144.8802561,150.0411543,82.38346679,118.7637581,106.621303,165.6566109,196.4200377,68.1362292,83.98802996,109.9110728,134.6865235,134.8320658,93.94817576
gbr.143.45.t1,220.0624255,1762.581889,1658.757644,771.5621936,318.6156338,2004.620137,609.0930996,23.89252388,2.994565392,2.030362106,245.906127,5.111675639,76.88962381,0.716471336,5.022957798,1.814628285,8.086601886,1.179157522,4.49515099
gbr.144.43.t1,218.180198,162.9199756,190.1741217,208.0702498,170.4574165,271.8863161,209.4640713,103.3431981,119.1630189,140.1675869,170.3932587,159.9702953,170.0488794,119.2195603,188.55399,175.4454945,188.0226192,164.4081459,133.2721018
gbr.147.27.t1,405.6605864,295.1638034,491.4109285,324.4036438,446.0279197,1087.514346,507.9624447,287.3311611,240.2611965,163.8619106,324.4314288,335.7193792,227.4719681,469.0305511,342.923763,544.359467,397.941188,413.1715161,304.886857
gbr.147.28.t1,220.6819709,179.9070671,226.735985,215.4751975,302.8282717,599.276009,277.4850777,143.7439556,148.5475456,69.90311961,169.1049428,223.2789842,183.5464485,108.7375515,146.8724774,204.6396061,190.1248768,217.8986566,175.7084504
gbr.148.26.t1,188.1035675,121.2476992,162.9501481,183.4242444,123.1032639,297.2642026,176.2713541,93.48056494,103.9262628,88.69894271,156.4225975,147.4178882,123.1785272,129.3964772,147.9554725,203.3896054,139.442058,195.619865,112.7099895
gbr.15.47.t1,36.92642229,30.32411238,27.16113738,47.91595476,26.55208145,17.39221948,28.70186588,32.81061862,16.14220036,32.12020944,21.45905717,42.42990585,20.79298015,7.136558769,24.5633174,28.70731304,46.2879062,39.553819,25.09056048
gbr.15.64.t1,20.58113555,22.34320917,24.0019271,18.74898833,16.35527448,21.256326,20.76539593,16.0401197,11.93072507,19.95869131,21.1176115,11.97974029,12.32128425,20.42934983,15.77122154,13.99869789,14.21384062,16.12028573,13.30718027
gbr.15.8.t1,16.15304336,74.44328389,27.12284497,34.26473084,35.39934895,25.60495129,40.74013472,14.08867542,11.62402048,21.7099728,10.3426777,18.60189247,22.32094065,23.56235658,33.9542272,28.61565001,8.384029312,45.93034909,99.55284126
gbr.15.88.t1,62.23380805,46.35964983,49.11972025,28.31657015,36.28483063,67.62408466,41.788777,20.75773831,28.09800985,13.3277828,38.38491457,16.77713114,27.40571364,51.87230873,62.21394166,25.75019399,28.82301728,38.58753341,27.26908114
gbr.150.29.t1,55.77887764,44.8143803,55.03123927,66.90974214,55.37569186,142.7932188,30.7520487,29.84509156,11.03728584,6.324044099,28.97145824,39.58268159,14.07265262,150.4483698,185.2350713,111.6287769,32.77622201,31.67760361,24.31789693
gbr.151.56.t1,38.50696772,36.62959852,59.29310947,54.47031647,39.17654989,31.23462626,26.39230439,29.11562317,29.07445558,48.92326759,45.57043479,42.26202949,36.21759529,20.14658267,39.46150197,21.54157337,45.62622636,20.41028395,21.24447782
gbr.151.66.t1,256.6436795,119.7288625,266.4548128,269.2137857,217.9241003,283.4287618,219.8169028,138.1286537,147.880816,102.9917552,158.7194374,176.0402003,216.1924441,141.0986293,217.3239402,213.877358,182.8264303,234.4169909,137.482743
gbr.155.18.t1,90.50062663,122.51777,142.9778082,152.1433972,60.57641154,133.0002431,132.5425451,113.7442627,64.53828345,93.55046392,114.0884357,135.703227,112.1877357,73.35395883,94.4385835,86.99814374,104.5183417,118.3473061,112.472047
gbr.157.27.t1,39.15198633,93.53264429,4.55650204,13.44845125,7.320641329,9.124401379,6.675301807,47.12137133,2.243721269,4.68085558,10.3030511,19.88652094,9.800629781,4.232670261,6.903504655,2.745419633,13.80305413,9.089863631,4.942998119
gbr.16.18.t1,238.4780065,720.2044582,231.1500802,196.9136521,162.146992,44.37885467,80.58990259,167.4424219,44.88011425,136.599214,32.43386792,176.6122556,146.1207908,56.04081563,51.35610053,39.7024454,177.6081142,158.3408282,52.92776812
gbr.160.36.t1,50.87695221,42.30470694,83.76045379,89.73458733,74.9160322,66.59015788,62.33225744,33.0909591,47.68031059,44.99257073,30.0588995,40.55492248,31.55304559,80.56064449,65.32613167,37.97793974,52.07465804,75.48661885,41.74771284
gbr.162.23.t1,159.8254187,390.5014844,52.69194578,56.04627699,38.8273345,5.803363023,8.352138238,96.34336744,7.025558966,12.90097983,2.557274431,15.61525748,23.12704872,3.677002828,25.49504542,6.652038958,12.76961623,12.10310958,6.417849237
gbr.167.7.t1,0,0,0,8.951689918,0,0,2.992800727,0,0,0.296331777,0,0.373025067,0,0.313707427,0.845886631,0,0.272363365,0,0
gbr.168.7.t1,321.8249536,626.5773557,527.9055636,150.055606,321.8844725,190.8910671,283.8860032,198.0649856,57.7732447,141.4514192,59.5827966,82.18167714,64.38403925,143.9860923,72.6021552,14.58711452,123.7598089,469.7932224,92.47663403
gbr.170.28.t1,10.61218854,13.45143824,12.61125807,13.12495226,15.06435519,29.21925657,20.15247653,6.391009596,11.53463176,5.793081838,7.464103633,7.474692346,8.437825751,7.052678387,14.30407267,12.23194889,7.720548079,9.210052763,9.011728794
gbr.173.30.t1,58.56443783,147.1577339,10.70272843,17.50736355,19.23552261,15.20996818,10.58017835,11.47751075,12.08366751,6.827429414,16.75582872,28.23883707,7.103135051,4.818507457,9.651730794,8.717126644,8.068116378,10.762449,5.79624239
gbr.174.49.t1,274.8428319,232.9682416,230.7053046,294.7190132,275.2284315,174.7440419,284.2836069,150.1077898,157.661171,162.750657,158.8461505,107.8771573,104.0182023,160.7543726,143.7717599,108.8413803,170.6602072,158.478299,237.5591259
gbr.183.66.t1,447.3215815,275.8350882,384.82933,460.3726243,379.7981207,484.7933286,467.8451059,260.2529341,236.0038868,300.8150546,276.2323564,288.5539215,331.1769302,179.4491843,394.0841958,387.8633565,350.1221787,355.4356488,243.2483962
gbr.185.16.t1,61.18442764,38.51985353,52.74774316,55.61070907,43.80464524,66.70918279,48.89733281,26.90796116,19.0375996,23.91092709,40.78316821,41.91476643,32.43211251,41.41461917,36.53270221,50.51718167,31.10773588,47.21033231,27.63854877
gbr.186.5.t1,6.396800561,3.243295851,8.158026015,17.88673585,7.108870664,13.27337206,3.9185427,0,1.2360586,0.698389197,0,6.593538843,2.034456448,45.83906788,23.7234808,14.98038349,4.172355792,6.083970483,5.737250513
gbr.187.11.t1,28.47318137,24.04107201,28.69981544,20.99781605,33.78183157,63.4411609,28.19206378,15.95766228,8.084416152,8.374300636,21.57975652,14.85413456,27.72150218,27.80491255,16.95057372,30.61840429,19.24239044,20.22764336,15.83475204
gbr.192.10.t1,24.92633744,21.36390539,4.52337637,8.20537111,5.781089243,6.642582599,6.054624937,3.759392146,2.638623519,2.981713262,5.488274612,4.647075442,3.929353233,3.90810754,4.458340191,4.187691677,4.306564815,10.51368821,5.559081528
gbr.195.26.t1,21.32887747,11.01075483,0,13.34597242,6.666506897,25.99738737,18.52941403,2.802535149,16.86025264,5.71575731,14.72894949,4.796697316,10.1752443,3.361614056,25.74266779,13.62249601,8.172026617,17.15072765,13.09850473
gbr.197.42.t1,81.20575488,77.13458726,104.9500157,86.65392193,81.25513058,146.5922036,118.0747018,47.6635431,43.33070264,41.94413053,49.17214266,66.50942201,54.53803659,188.2863322,96.09279341,87.00134769,62.29464591,57.39657085,40.11750384
gbr.197.7.t1_gbr.197.8.t1,449.6269059,413.293075,497.1655746,509.5079892,397.6381791,486.7161836,382.7597956,349.870938,287.1248833,273.1422497,344.1464311,439.2985629,303.3241622,291.3402052,536.6744851,433.0697218,449.5765307,408.7743185,297.8293142
gbr.198.18.t1,33.39485884,46.95755107,46.46120275,63.21020732,28.76200232,17.05708036,57.27952613,19.30702493,7.743496532,23.33427373,3.758134318,16.52253224,27.61458664,12.35124875,26.64331235,17.59633619,33.51079878,26.67983786,28.0398337
gbr.21.12.t1,212.7576336,129.3251344,317.7800739,235.0315804,294.7480838,428.9007833,216.7863458,174.6502092,46.00460528,114.2917118,178.3941245,179.5515323,105.3992057,412.2068799,190.3054767,237.2746904,176.9598061,91.03035933,113.3761858
gbr.21.31.t1,117.9068011,87.39736441,210.0354968,188.1675538,86.32682345,116.903889,145.8139208,163.7346195,123.8335026,271.9950283,121.7607235,182.6332869,138.9684046,76.63534302,108.5945938,96.64224763,147.8255883,182.8552564,115.9410387
gbr.210.12.t1,112.3124719,87.8733554,141.535051,121.7061444,115.0410004,232.1892687,132.5057913,79.95849834,81.89450697,75.39633808,87.11668719,98.43041801,95.29315985,151.6527988,131.0069682,134.9877431,95.45241047,95.13153096,48.88716382
gbr.214.15.t1,11.26362791,20.93984591,39.17681629,25.0347734,34.03183538,115.0623857,60.71873854,12.20999012,18.50007423,9.22304358,11.0912127,19.35008171,17.01600057,14.97122762,31.59289641,35.44515608,27.6916955,44.9937171,34.17579016
gbr.215.2.t1,73.00113719,131.3484235,32.55261395,103.0694395,35.10319143,3.585265894,1.375967061,129.8619769,1.08508191,4.904683216,0,37.04435229,35.71921086,1.298068308,2.100081543,29.58890626,2.253987133,38.45413596,39.43458156
gbr.219.27.t1,109.7768084,71.73809436,8.870622273,28.6207877,42.74508731,2.123888713,8.966255493,20.83504832,7.392149659,5.447818393,0,15.0870766,10.57991667,7.30519039,10.7819829,8.277243276,3.004307195,12.97193623,10.02990668
gbr.22.66.t1,46.56849542,35.33059665,59.01855983,50.60981726,53.15353152,84.86321227,55.57540612,37.33288689,19.78205172,18.03159157,43.60133285,39.79980681,32.91949652,118.9786875,110.9108059,62.25503571,51.30859312,45.61804277,37.90654132
gbr.22.7.t1,252.1162587,123.9371875,177.2869692,230.6666451,344.8015301,274.6931157,246.0983884,145.2312953,92.93223828,125.0616086,205.0819119,104.3247351,157.3170592,265.7395927,269.878786,225.8195612,127.3207492,150.1273427,243.4832797
gbr.221.49.t1,22.11193382,15.27381556,22.53968842,15.82229801,28.46616854,33.12751007,16.57622358,14.87232832,7.995459108,5.306315016,10.71734707,12.99821134,11.07103091,18.52241929,22.67957992,11.72807071,16.08131657,16.74116546,12.43315718
gbr.225.23.t1,17.23569346,27.9642062,63.45786834,50.9975062,17.86957184,3.220781385,21.63146653,12.15208097,2.436926382,51.22049859,0,25.30541771,4.010991542,0.583052187,7.231903484,9.229460211,10.3773193,42.70123594,12.61074057
gbr.235.28.t1,0.737610607,6.761597823,0.307864239,0.761541055,0.153697296,0.565123668,0.216885323,0.639667312,0.598622028,0.19327385,1.245119683,0.486589671,0.703775258,0.204606616,0.220682058,0.388659952,0.088820572,0.75766146,0.202690218
gbr.236.29.t1,9.979299928,3.095339212,14.5984935,0.378788983,2.476938686,30.07677672,0.431513287,0.848451278,7.316226109,0.769072181,1.486368039,0.6050718,1.40022557,1.628334685,26.94775188,9.794812876,1.060300161,20.43414766,6.990027573
gbr.24.35.t1,10.37936213,8.588445715,8.664285437,16.78855956,4.58506609,7.156975271,8.545386424,1.800228632,1.444040624,7.071148478,8.409997119,5.820031334,7.922595683,5.182456784,2.018477409,6.5628813,12.24850699,1.65845707,1.616232995
gbr.25.120.t1,76.26530324,86.24116841,110.1246329,102.4012393,90.29285972,50.90579839,79.84614233,63.4661884,52.248662,66.61187994,58.5178371,69.55873438,73.86942354,107.3792565,102.4191806,64.94630208,80.00872039,94.95571235,80.44166304
gbr.25.231.t1,583.002588,579.5653077,486.541213,678.4478531,703.4925379,336.2219893,639.1655579,412.7792478,187.6981344,219.8491404,233.3672917,362.9974383,223.0244196,172.189882,238.780826,233.2312248,346.6351356,484.769031,324.0756769
gbr.252.17.t1,24.09485964,15.76624927,22.76993905,27.18430647,27.28224429,19.15700282,25.56542315,13.47032724,12.64990527,8.040781261,18.80176242,11.43389279,16.6999858,28.53183071,20.74236378,19.56302453,23.95041277,19.97628818,17.22943041
gbr.252.2.t1,21.42952336,20.14993964,29.81421286,22.20857159,24.66068768,27.05292224,25.77717681,19.71031751,11.57553831,12.44257865,11.50990703,7.630608665,20.91121128,18.23837424,26.59270866,24.37957211,18.47382404,29.73850629,16.39462777
gbr.256.23.t1,3.67254822,2.886176996,1.756390381,2.567295138,0.860912679,2.63788055,1.01237589,0.995278295,1.729770082,0.601441606,1.162392299,4.542600154,5.475129228,1.432592133,0.772573698,3.426792706,0.552794781,1.833796325,0.840992064
gbr.259.14.t1,0,0,0,0,0.272372787,0.834564173,0,0,0,0,0,0,0,0.302159264,0.16294959,0,1.57402293,0,0.099776388
gbr.26.88.t1,68.20747442,78.63838942,110.135579,88.20325804,205.5216313,87.88754932,57.73572778,65.12538094,29.47478466,40.34783588,34.19227909,68.51565715,63.50102595,32.68025256,83.01798638,82.77024867,114.4886079,81.85647481,79.79946695
gbr.265.24.t1,2334.412517,1523.012555,1274.872941,961.9663498,1301.116132,567.8732103,493.9126147,917.0490448,558.9915347,666.9170097,433.346742,461.471361,354.2971323,409.1765771,292.6126309,347.156383,380.6003496,705.7859042,553.4480567
gbr.277.10.t1,27.38011794,11.82693431,11.87316949,30.28758918,34.3796653,25.88120765,11.50112398,13.36268379,4.32873888,2.562260179,12.00489954,7.037227263,8.821141297,12.32954704,14.49509187,13.74006079,17.98375154,32.2639289,34.2808101
gbr.279.5.t1,4.057090293,4.114039194,11.28900084,0,1.268075193,0,1.491171851,0,0,0,0,0,3.870985234,0,2.275913842,5.344379885,13.43487967,0,2.322624875
gbr.282.19.t1,5.759181006,26.59864545,3.277867491,6.982077468,1.745529127,0.752117437,2.309204061,6.810614624,1.441647747,4.544330131,3.756132623,3.02212086,4.371021447,0.816926698,2.741233078,1.839159618,6.462169162,6.124877998,3.476885846
gbr.287.17.t1,270.990673,325.6153624,287.866383,271.8278776,314.487035,369.4427462,288.0250892,184.3194489,184.2587332,204.8756658,204.5045427,233.9759234,188.9008271,259.3378811,207.3408549,238.8228284,218.2490193,223.0495885,172.7326951
gbr.287.2.t1,0,0.998079934,0,0,0,0,0,0,0,0,0,0,0.117389277,3.327505034,0.276072229,3.349459016,0,0,0.169043014
gbr.293.14.t1,45.89190603,45.63538692,69.87966463,64.22971413,110.6086668,152.3072434,64.51600659,25.37056905,16.42777194,13.99212538,53.19203127,41.50487061,28.85487788,156.3385554,106.2981033,100.1051718,66.72123358,35.36059144,30.99422111
gbr.294.21.t1,69.79724838,52.01820626,58.87304376,38.2906216,45.16849577,67.38779268,61.61673874,37.37675445,18.28025529,29.2067876,41.73677948,41.1108079,22.97198061,65.09928789,64.33249795,52.61032408,48.66163838,54.58743601,24.98645253
gbr.297.11.t1,43.70472112,32.64627741,76.15673934,55.47255506,46.3907542,92.41409146,54.07529783,32.83537927,12.29137771,26.07838902,35.79208554,38.71528523,22.50144058,63.91740156,53.80820619,56.62192581,29.57054028,37.4106411,34.13662623
gbr.3.24.t1,532.511294,528.1337502,220.0423167,262.1301507,345.441859,167.9067112,199.6284395,253.9970175,99.6203154,100.6602964,127.6262712,151.650088,112.4959963,137.1709976,116.157668,114.6691672,145.9135149,160.3365919,132.3767609
gbr.30.70.t1,419.666803,473.13087,314.8813422,532.1423623,576.2321008,252.7306893,167.7187066,317.8528679,215.6565617,120.0480436,134.5681668,482.8205452,361.9481165,163.9424317,192.5862776,328.3149734,311.7051693,400.0148478,198.7071565
gbr.301.27.t1,56.61677293,192.9026264,53.1691504,121.7783379,46.59950266,21.68859697,33.29493088,28.64104833,14.76913738,33.37901938,9.557164399,4.668645057,13.50491831,31.40997761,20.11493353,17.40221558,23.86160048,22.61615073,3.889472967
gbr.308.17.t1,42.33206111,49.93262822,56.86437683,19.88514185,33.25546922,18.63959659,37.91395115,20.39500959,12.83391218,7.649752005,20.9447069,11.63573723,15.78468503,12.4848812,36.12106593,95.07614526,63.86502313,12.91155807,3.175553347
gbr.308.23.t1,90.51236135,201.9223201,178.0685969,30.41955467,33.59478353,18.96192011,169.456622,161.4844715,7.378497518,27.79298087,21.48594085,48.98047101,29.68639375,30.4033993,13.22262907,7.451960771,104.7344246,40.35278038,155.1271543
gbr.314.35.t1,28.48360494,32.80331949,32.19801954,35.88440098,19.28934093,17.53621183,12.71243844,25.73064809,9.73012392,61.97347139,11.16179968,60.39697177,16.50033209,11.2872835,8.179471945,14.29381949,14.39332736,29.89645466,10.71566542
gbr.314.6.t1,20.68545818,12.04066409,22.79896286,19.41505511,20.09592229,29.84411911,19.3527869,14.94895737,7.241439014,6.863173522,13.83114722,16.83579998,9.868291976,15.64898715,22.1027843,21.7046924,13.82919667,15.94348646,9.535215418
gbr.315.33.t1,24.65656403,133.0141796,8.575972924,93.34050681,30.82640508,4.722684219,32.62481671,0,5.717287773,3.230342004,0,4.066383153,7.057658696,5.129633527,2.766328149,0,23.75247979,4.221136042,2.258483586
gbr.317.18.t1,35.50661416,211.097904,38.23364336,76.16276647,93.34372014,27.01722564,27.17333933,13.35721006,20.01899422,17.20545306,13.13682239,24.06486316,18.56321665,19.22621456,20.91867275,26.91028755,30.16338267,23.87043812,35.41913182
gbr.32.19.t1,45.17713473,51.76995099,33.84419645,83.98970331,48.12149345,26.02000961,27.17136939,25.57092432,23.25861616,41.18335038,33.06421988,34.9086609,40.39190028,11.39248637,43.47908034,33.01573694,50.02588871,29.02579075,27.56335081
gbr.325.1.t1,1.469843023,0.596190015,0,1.264607861,0,0,0,0,0,0,0,0,0,2.038606849,0.549693802,0,0,0,0
gbr.326.10.t1,2479.321344,2075.723444,2719.326512,1700.896476,2423.283214,770.05197,3429.879944,2468.917099,989.1006097,1494.74534,483.904245,753.6935913,599.7831284,939.2398802,883.7153019,779.9432054,2027.479363,1647.003129,2137.003135
gbr.327.11.t1,164.9148369,133.7101933,158.513526,139.7023796,157.717259,198.0738091,152.0350485,110.1338677,60.47295572,59.06608524,79.93192991,90.80929061,89.66696033,159.2803056,139.2947284,160.9194756,136.2130503,144.5296008,88.78196638
gbr.33.56.t1,8.93491509,10.10942469,9.486710927,18.61142311,10.68076602,5.404361984,12.79032476,12.23446796,7.360343752,13.86230006,4.762906151,10.46999172,4.486871895,16.63181069,5.276038651,6.607667785,18.40376181,21.46853226,14.96842205
gbr.337.8.t1,9.791178884,5.325348858,11.45499408,11.10440324,9.088191184,15.77031558,6.379548373,4.502835677,3.095929449,1.749240433,3.380716577,2.385455979,2.760148843,31.01779307,19.30723926,21.69185416,9.110613854,12.31769883,13.19794955
gbr.34.2.t1,147.7079725,92.19099039,48.18928047,78.81141689,167.7291809,47.15296838,66.07343759,86.05841127,30.533006,32.25288995,23.19420106,38.7118413,32.77497149,40.09942386,34.68559352,31.17218957,61.7012099,64.36147601,66.7308112
gbr.34.79.t1,3.828960938,4.881118143,8.371174928,10.82419615,5.242999326,13.09631945,4.22197069,4.743620096,1.109809518,0.358318184,5.078430698,2.255270533,0.782854399,34.51888955,14.0127493,4.323314143,4.116701021,5.150416827,8.204433266
gbr.341.20.t1,21.29972404,25.91844692,11.49059014,16.45566718,24.72746627,10.8237462,12.46193618,7.539367217,7.055591573,6.26450168,5.136412352,5.735134729,10.78345886,12.66075822,12.51752613,8.780052668,13.08592176,9.426208277,10.15318874
gbr.342.18.t1,142.9600785,97.47886949,147.6217035,131.6997978,157.2308781,326.6842217,187.1191345,133.0450641,61.3100113,37.27973045,103.589491,90.88776955,70.32731294,282.9164582,129.1735701,137.1382151,103.8252837,108.4815325,125.9629536
gbr.35.19.t1,0,3.65437001,3.133643738,12.40234134,1.689586221,1.725659579,1.324560471,0,2.611357216,2.360721304,0,4.457545359,0,2.499144081,0.336936966,3.956035389,4.339554837,6.169579425,1.650490973
gbr.35.43.t1,982.4898393,954.2157391,135.9312873,362.8546237,1026.27001,55.06146294,117.6955382,436.0081308,43.03204405,72.22588709,47.29758581,109.8224516,49.99581323,65.10532898,69.26789195,94.59047427,173.0803693,150.7566445,167.2384243
gbr.354.8.t1,344.8692743,335.6881717,241.9188049,307.0447595,272.606156,241.0679288,180.7752479,215.4208606,142.3186121,139.941059,161.4378729,192.2045401,176.5728254,142.9787095,186.7268171,217.7848737,208.1384881,301.4641784,181.2682662
gbr.357.10.t1,641.5958935,541.5784434,657.5690671,601.667183,548.536726,903.0387013,609.5220934,422.4424929,345.2785108,316.0956551,403.8751781,547.0488412,653.786979,387.2215667,508.3769085,604.9981204,557.8231229,529.473662,380.2137072
gbr.36.4.t1,150.653441,94.05725051,26.71364022,36.8520629,34.77734326,42.43522354,44.51493666,42.69574871,11.98683216,11.6103706,9.972931139,19.48698326,4.227727433,28.67935921,16.01868152,11.67381433,60.47059127,36.24289474,39.23388044
gbr.36.64.t1,38.63985601,72.26424943,33.63923842,35.83244601,35.43606109,20.38605592,35.37735684,26.75375645,15.82699774,46.53110395,24.21556813,16.40828629,27.81611125,9.306353604,22.32485357,10.36288295,19.64240038,60.47279537,17.32571523
gbr.360.23.t1,2.147275528,0.580644422,0,0,0.596575736,27.41907925,0,3.103584175,0,0.468870029,2.416464729,0,0.68292555,0.496362597,0.267680297,0,0.430946084,0,0.655618051
gbr.37.128.t1,112.0040964,226.6640695,20.10680382,11.39799771,236.8983452,32.29500419,11.5089931,52.22133465,2.792598205,59.95846463,0,18.86906171,10.34189941,14.19817118,27.02415316,19.03771635,11.60185302,97.59213992,6.894699747
gbr.374.3.t1,39.61083261,53.65684231,15.07706962,27.00674936,46.40806281,0,1.648171407,4.320896336,6.065458592,0.489580435,0,1.232576385,2.13927294,1.03657475,0.838511921,0.656340933,2.699888136,9.382883428,1.71144321
gbr.38.60.t1,87.57746154,42.06464607,80.44378925,61.05624926,97.39350127,100.7085805,54.65582672,30.53792844,22.5323802,16.48174058,44.64988209,36.30788204,58.32282806,44.73887332,41.7999385,77.61836141,37.9686975,37.55158084,28.80789444
gbr.38.9.t1,80.94361466,65.49676498,73.64342931,71.41344964,77.16472381,104.9368521,64.346065,42.27213109,30.08763763,28.60301789,41.02569968,40.93104496,58.16859803,139.2602557,78.79806681,87.90583465,63.86364346,59.00234866,37.9201882
gbr.383.8.t1,372.8001235,738.0645753,2099.975509,570.4693042,284.6455846,136.0107061,508.9374142,708.176627,106.5110356,1787.960129,130.3556786,380.6061892,253.2239546,147.7306222,304.732885,197.21442,918.6689802,560.7249957,275.0102905
gbr.384.12.t1,1.581798882,0.641600963,0,2.721862498,0,0,0,0,0,0,0,0,0,0,2.366252798,0,0,0.902665414,0
gbr.384.13.t1,0.815134868,0.330630728,0,0,0.169851171,0,0,1.178162581,0.472527378,0,0,3.360819751,0,0.56527789,0.304845196,0,0,0,0
gbr.4.17.t1,829.7465606,676.2889304,622.812848,860.3807355,1141.843463,485.8302424,589.7096968,940.704883,332.7096026,281.2266497,317.0250104,601.6622639,340.8750128,302.394735,987.5416861,445.5019183,722.4767716,374.7972994,733.3347575
gbr.40.38.t1,306.9349289,303.2016446,485.2599819,290.6114928,325.5972513,416.3111993,324.9447631,212.2637251,187.2924251,265.5186688,193.3653151,230.0908634,276.0406841,218.9631416,228.4773974,199.9047502,296.2110481,249.7421405,170.1668405
gbr.40.93.t1,0,1.833480124,0,7.778169108,0,0,4.430413066,2.177794832,0,0,2.543461416,0,1.437633056,5.224488064,1.690488997,0,0,1.719676445,5.865628065
gbr.403.5.t1,230.1256197,242.0173631,367.1818725,215.8302355,233.1921609,302.5891246,351.1296359,149.8261952,105.039085,111.9064597,186.88188,133.0048062,140.8409116,377.5454513,264.5458175,248.70475,229.1770303,263.3556806,224.2726281
gbr.41.64.t1,73.43200845,60.42528678,50.83739592,59.85345612,51.68718691,106.3292031,46.48947534,65.50954532,35.43936029,36.13472266,65.83336355,87.20700305,99.56401726,45.80675197,39.28802469,62.94491864,75.09722551,58.34553789,46.26274057
gbr.422.4.t1,47.8878387,70.84052118,40.17084959,101.7912688,41.08785124,62.04838854,36.23742947,46.82199451,0.816476754,10.14903984,9.510213264,6.96856436,32.25257566,0.976739717,8.954578044,18.55363322,20.35232268,4.018758068,16.77158294
gbr.438.11.t1,96.79835519,40.08846144,95.34055453,81.5310722,73.56414408,96.16865332,73.81594738,54.91730854,46.28032702,28.8898158,24.051862,51.65944349,46.17903184,44.85623002,92.87021134,43.09980756,51.60833371,49.04371315,54.1726754
gbr.438.9.t1,4.134526627,12.03512057,6.428968665,0.836992921,1.571005263,0.931672376,4.469509859,0.351522093,0.704927383,1.115220809,4.926540562,2.607149705,6.497432022,16.19125949,1.182415486,9.611269918,30.75052855,8.466077603,1.113861668
gbr.44.3.t1,7.056222672,10.22181435,76.43311788,43.79762263,40.53877497,56.95772108,28.89893668,40.79510194,2.33739297,6.933451611,30.62884975,34.08033377,5.770750914,23.7676193,1.130955135,66.39370264,91.64475256,53.2097855,18.00500437
gbr.44.53.t1,21.88500056,39.22341927,23.36699591,35.90681472,21.56382314,25.34590517,22.32301761,13.97679069,12.09649271,18.11466925,15.75083153,16.64752051,22.17605348,17.05914977,19.60492639,16.53755185,17.26235226,18.87847901,13.86913766
gbr.44.78.t1,2.655663889,13.73399977,7.389481057,3.998490595,3.043510975,1.907483224,2.928244838,9.595969767,1.15460086,10.43783221,7.284678988,7.938288248,4.434227778,0.230205476,1.738045101,2.915241311,5.196523404,9.850584552,1.976427374
gbr.44.80.t1,83.21764983,14.59645686,11.73426324,28.05864192,142.0023153,6.461916367,5.786617632,9.75238261,9.778505645,5.893315157,3.796624689,13.90979506,9.65679646,12.47774879,60.56142757,10.86345077,8.124962989,13.47654482,40.17285677
gbr.441.10.t1,0.788362183,0.319771332,0,0,1.971269962,0,0,0,0,0.516430325,0,0,0,0,0.589665426,0,0.474659527,0,0.902651647
gbr.445.5.t1,322.8798446,345.567804,256.8826828,494.1855506,403.4185262,118.6693051,195.7160688,261.1499425,91.52865049,131.1421386,97.2126073,210.0952621,126.9514461,109.3998074,219.9138462,181.0848209,254.6268456,209.8749004,197.1877564
gbr.450.7.t1,79.36435594,58.10146756,92.91194912,68.28265798,80.66974974,148.9236881,93.9136228,52.22568752,48.4381623,30.43258431,39.75549766,47.08790851,60.02495482,109.1799119,97.48810642,70.54741819,69.53922306,62.77985472,47.79902752
gbr.46.59.t1,552.3742847,481.2062368,343.9328781,486.9489522,737.1774793,81.55966319,181.2865775,176.0879147,87.42270925,99.95217167,107.818746,113.6287535,71.66335533,75.05336939,59.93848365,69.59575694,305.5134132,275.0551133,294.1513107
gbr.46.84.t1,196.7791135,160.2675666,255.9718546,266.7887751,136.5842986,247.8475068,247.4923586,233.2182816,116.7271643,196.3199207,189.1927639,322.0420402,291.4908961,170.3255736,122.9035856,259.5593683,247.1137951,153.9332532,216.4271376
gbr.465.5.t1,3.825712204,9.454942128,5.322591457,7.884351674,2.243201494,3.919476167,4.774300164,5.143746845,2.991364526,3.963133537,2.252781364,12.32533885,4.499109381,3.084937525,9.948667447,5.781851709,10.12423141,6.295657078,2.424460948
gbr.471.3.t1,45.21525868,44.61700041,66.07830706,41.51707048,51.89790527,55.31055318,53.48719905,14.2786504,14.64728759,22.64985382,27.25906364,23.34210814,31.54017891,41.36854431,31.11946043,36.53789858,29.62540153,35.77647442,19.83797308
gbr.474.16.t1,14.84383665,5.483300644,14.75125488,66.13647736,46.72696535,34.52418248,23.77174097,2.681834254,8.297540945,5.035494083,10.73873997,7.213031434,6.069825734,37.6829183,21.90787721,21.64873261,33.03580571,35.39562091,12.9289166
gbr.48.12.t1,65.45865531,58.48395134,73.22563758,86.76111668,51.24119273,45.74624749,73.47791467,34.52032518,33.33083712,29.55231372,34.34370467,37.20071451,37.97997853,39.8732141,36.38965431,24.0817721,41.54190238,46.94548677,44.56382209
gbr.480.9.t1,35894.93947,33173.13682,8963.853146,18273.78505,1664.947018,10534.08927,4746.639609,28832.88822,2053.297923,10543.92772,9507.451048,7398.3143,51204.68302,2363.453391,2287.515851,2271.022078,14271.14007,51435.73257,15128.83407
gbr.481.4.t1,2.891237977,2.052275362,3.519676343,2.694826863,2.660832508,5.999323727,3.542220634,1.044719263,1.396690241,0.789148164,1.626846323,1.986773411,0.919537461,1.169588695,1.802114887,1.057947183,1.160510299,2.337367781,1.434499274
gbr.494.3.t1,43.67599759,8.684131853,1.787206571,29.47254032,3.212064347,9.841929707,0.629528906,28.4692645,2.482219405,3.36596705,4.336884509,2.824739442,4.902648407,1.781666607,6.725767293,1.504160021,6.703049522,23.94662292,142.963304
gbr.5.38.t1,103.4462555,153.5468141,37.33615163,111.9619184,59.91745545,34.45904852,87.61446878,120.0469701,41.7161698,107.5389412,58.46037667,121.0303033,52.06836125,63.31629665,50.96587122,54.3759834,77.53811995,79.65093964,90.56593323
gbr.50.80.t1,0.693258846,2.155836121,2.572023834,1.789375953,1.05934134,0,3.567274088,1.670013277,1.607507161,3.784426951,1.170251928,2.66776731,2.645831928,0,2.074126747,2.029390176,2.226130226,1.846195718,1.534604808
gbr.516.11.t1,30.13701875,40.03646727,36.54333943,26.16684714,24.19703514,6.884517273,19.91786962,4.395843573,12.34133157,15.21384646,11.66803556,4.559839238,8.177909978,9.011647105,2.688419416,14.81136259,20.97494129,22.24684563,14.11897094
gbr.55.53.t1,0.929338889,3.392582078,3.878878732,9.594896162,1.452360567,0,2.732606654,2.686456798,0.538730565,3.043897809,1.568765595,0.383168555,2.216771663,0.644475837,3.99688669,2.040353927,7.833549015,1.060668436,0.638439512
gbr.564.5.t1,118.4171375,98.94538028,54.36749646,61.12948416,22.20731959,49.8992009,43.52387778,109.5393821,31.57692934,83.77689627,63.96589518,48.82365729,167.2180349,34.49025278,46.94294251,39.51750743,92.68604043,159.4784845,52.06431735
gbr.572.2.t1,83.35558997,93.73140568,7.463414275,134.9124033,25.10760492,1.58077372,10.92015695,26.2428979,1.43526507,11.35320823,2.78629629,6.124936786,5.512114588,1.144658348,3.086478392,4.348665417,19.87603559,24.01922941,26.83651339
gbr.58.144.t1,29.3425379,38.68074036,66.70241798,63.11354938,41.488938,33.11920766,35.05048716,24.23457342,15.79466778,23.34019674,18.57431844,24.62806257,12.99839818,38.87997286,75.44322787,13.34439944,34.07138759,31.99403113,26.51711743
gbr.58.211.t1,1017.369342,320.8031478,383.0979479,1090.820555,1221.89837,253.0294253,462.8422925,342.199045,41.7706033,218.0276808,55.02518339,152.7894803,206.2535058,159.4267817,427.3149299,201.8924784,758.1871699,1192.468125,1310.219872
gbr.58.222.t1,207.1679575,254.352047,233.2951788,245.381049,258.6206828,435.9534882,105.1674785,110.1050726,82.93463679,60.24747755,197.5932987,65.11520205,187.9145566,246.1011326,161.9024881,107.6919004,136.4784137,529.082992,147.2136928
gbr.58.231.t1,35.69069008,26.05800681,38.66021311,36.40993633,30.81016169,26.85628582,31.67062494,30.95151772,19.21178716,38.07568358,15.92254843,34.26575137,30.64815222,20.50772225,22.40498496,22.38815463,36.99136612,42.91651653,24.16860822
gbr.58.24.t1,9.031534568,26.00959802,30.78495118,22.53432058,30.11068293,25.94831485,26.55611612,14.35919151,7.853266084,0,0,23.83182342,27.57518077,1.878950468,8.444062559,1.586291264,11.4192416,6.184695651,11.78856101
gbr.58.39.t1,32.95127405,23.08590318,49.1434403,30.71278781,34.69470414,71.72092635,28.44284255,20.20514917,17.65450786,15.86192773,31.60410445,19.34959498,26.43796968,20.25427349,29.03411241,33.7606181,22.09388215,31.19736636,14.29100199
gbr.59.27.t1,6.95501193,11.28422179,1.612714405,0,0.966152528,0,5.112589202,3.350829874,0,0,0,0,0,0,0,0,0,0,0
gbr.59.47.t1,239.2918072,199.4982392,369.1352603,287.1182042,328.9523243,571.062158,354.4188176,230.419263,106.473603,106.1255095,167.5785508,147.1908906,176.4814161,513.5279906,493.6498339,333.6763028,267.3148376,250.0408366,168.1657835
gbr.6.155.t1,83.08688671,91.74233806,88.83777224,144.2946225,93.93888934,185.6673877,100.6634364,133.4337621,140.9267116,134.0529328,46.75145984,173.8221186,82.21169355,83.22730986,104.7273222,89.18135163,145.4436608,107.9989109,123.6716724
gbr.6.16.t1,38.7775496,29.76762712,30.096057,21.5067366,70.9851216,10.43518768,25.44261618,14.82247492,13.74751544,16.37478276,10.27856621,14.53461146,15.59451991,10.88989268,20.97408025,16.88642169,32.99495348,21.94581814,19.52095316
gbr.6.51.t1,196.6239405,180.5458877,174.2187314,191.3890052,229.9977715,180.8230565,159.6927848,135.1951842,111.0878103,161.2156523,114.3001333,106.3017436,123.8272486,127.023236,134.1624363,158.5706887,140.3359366,128.8003595,122.3546946
gbr.60.24.t1,7.408768491,6.678012895,11.45287053,7.790783249,3.259088773,0,4.841016031,4.759258127,4.772006424,3.774744034,11.11673996,13.57623216,8.639787109,2.283473807,6.157201909,0,3.96506143,3.758106125,3.77014368
gbr.60.55.t1,121.1844487,94.98625451,126.8570115,127.704668,124.5853278,162.0002754,114.6393058,95.42929919,85.46237836,75.66114072,93.67655555,108.6127595,96.00905994,82.53181702,109.6448805,99.23090886,99.02854579,98.53368943,84.05539854
gbr.63.17.t1,338.3772225,76.64654706,130.430738,279.7866819,836.6373549,70.14318812,104.4489058,122.7984511,56.89334244,40.30179452,49.45418876,48.31643451,51.71275874,56.8865632,105.1817168,37.30598641,106.716342,173.0354254,251.9146761
gbr.63.8.t1,634.4720819,584.5264528,595.3233207,713.0297227,580.0672046,866.6963854,661.6326303,446.0795264,295.8069796,375.3485,371.5350506,455.2551861,568.9988588,337.6684852,356.3808857,447.0484,512.301147,481.351655,352.8078807
gbr.670.3.t1,460.6088928,429.1246104,524.6799491,460.3818982,459.4193717,666.5077047,612.9025125,257.976282,288.9146918,250.1057551,433.107619,432.3422178,432.269825,435.711594,450.9689714,519.5358852,429.6368081,412.3458191,348.8148842
gbr.70.47.t1,115.641903,85.67936177,85.03253327,92.15559066,100.7106213,140.816033,87.39954818,76.77187889,68.20922186,66.5361111,70.06730612,79.55030513,67.88046986,71.16932734,69.26243069,85.64705048,73.70299402,71.06050154,65.18633546
gbr.70.68.t1,62.50749579,33.97430972,69.57174934,57.0063044,54.18318191,95.78079525,74.43721807,61.43512795,29.71279164,19.65437737,27.43401636,22.67934577,35.78410768,50.28316637,42.54547466,59.28533035,54.19397552,69.91392912,52.10241755
gbr.70.9.t1,5.905665133,9.07739964,11.45966513,3.743933915,6.671008835,7.739535921,5.026676271,4.941782828,11.531683,11.19860326,4.72217058,5.895067716,10.97295965,3.017698039,6.509582398,4.913365931,6.175691241,5.853352714,8.541238595
gbr.710.2.t1,2.143707637,3.188237962,47.7195538,15.98462935,9.082663196,9.580731997,7.35385996,3.098427291,0,4.680909591,1.206224778,1.178474098,1.363581616,29.23673291,3.741297305,24.47373741,0.430230028,85.63260061,2.290850389
gbr.72.22.t1,148.1532173,109.1461872,115.9698724,136.2481006,98.54217268,181.8738668,119.3652456,105.0555958,60.78169076,69.90055456,68.91812443,117.5769647,89.71312784,57.48345932,75.64900268,92.08028614,93.11121555,88.42780354,73.37696086
gbr.734.1.t1,49.23701902,28.19472186,8.059046506,11.46266456,6.3971682,1.109504778,3.832289897,6.697898574,0.671583977,0.379453688,0.97781517,4.776596665,0,0.401703258,0.649896152,3.560920305,0.348762068,0.330558526,2.254997881
gbr.74.37.t1,98.49874093,57.48946708,287.6444524,136.7671609,288.9668183,238.4751748,139.0765966,119.3431568,75.94349879,54.51474294,58.16716013,77.73771912,39.08097923,291.7123764,367.1511379,115.6203986,103.7338122,90.89911792,76.15318563
gbr.76.53.t1,309.4523835,330.032348,447.66681,468.9061821,331.628901,401.7821486,336.6880977,346.5784731,237.621042,387.2709774,319.6589224,675.7082014,426.3603837,214.598341,254.3455934,337.6716966,453.9715509,447.4086235,302.9295966
gbr.78.30.t1_gbr.78.31.t1,24.95437141,25.19342376,40.44100539,34.09243423,37.91274624,63.02935163,42.1302996,20.61030127,20.90395684,22.54420478,21.29349838,23.51713039,25.64118897,24.43660665,43.48314862,29.62113818,31.78281753,34.66207129,23.14020093
gbr.8.134.t1,316.0076762,280.0215767,406.3500741,379.9292631,330.7829341,494.7876986,398.98664,288.8434983,247.2988835,252.611981,323.2397247,308.6954395,288.6062398,359.0177552,372.6940503,348.6717602,358.9684756,346.8158885,250.0699944
gbr.8.20.t1,143.5257688,97.56006392,171.7052887,160.123627,117.4907322,151.0479534,73.0418994,68.38888111,61.25771559,63.02375529,54.57909067,33.16457342,74.49043834,57.969144,48.07241977,95.57162464,194.6698835,100.8049946,96.79383002
gbr.8.88.t1,14.46204885,22.32872272,30.50540707,24.48402912,14.09532867,25.91328548,16.11792043,24.94856717,7.031354321,28.72644849,8.662530179,35.7764154,12.01818088,13.26430549,15.87666963,18.02653248,27.24559415,28.48573609,13.67421774
gbr.8.89.t1,24.29479256,19.70865257,20.18645187,29.03124231,9.562218903,36.19304118,21.331538,13.65571625,2.347250551,8.841514076,5.695930005,8.347332227,7.726784177,177.8389229,33.3145929,33.78134512,19.50331118,32.34934702,23.33522715
gbr.80.62.t1,19.56087413,323.9011952,0,0,37.64246576,70.52541766,1.691657163,1.663087469,3.335084534,1.507492935,0,2.846468207,5.489290097,343.115487,0.430317712,4.041947953,2.078341982,2216.096422,88.53255659
gbr.81.209.t1,623.8341261,1182.20727,100.9492777,185.1770912,283.1497283,63.29398479,70.04607492,157.6901719,46.21751921,62.76402605,73.19474613,141.4356972,69.06395826,31.52464169,64.99509042,61.26445395,72.95145125,73.43407614,65.46157211
gbr.822.1.t1,77.16651174,484.268862,297.3490956,465.4878757,39.02399144,958.2327866,292.546271,0,2.010464265,1.703907715,137.5785287,11.4394354,2.481801017,1.202545136,4.539591589,14.46717888,0.522029782,0.989565159,1.786922686
gbr.83.55.t1,20.39081442,57.25948955,23.76214394,16.19412129,9.260362022,17.69216297,4.355827239,9.068322677,2.626754973,6.279099317,9.119989728,4.023949179,8.813155263,30.3357656,3.975835711,4.591571519,28.22652459,49.82668272,1.197276218
gbr.85.20.t1,17.09685145,36.2739994,2.744573598,5.657541028,0.548077352,0,0,9.504265163,0,6.030547999,0,1.084472469,1.254814785,0,0.491838669,0,2.375474972,0,1.204639691
gbr.87.22.t1,3.827135498,2.217632315,6.465551279,7.526285749,8.886064794,1.047206067,8.038015018,20.54588725,21.86867116,24.71216766,33.22478998,11.72181579,13.04135294,23.12800442,21.87809285,15.36445519,12.83798382,13.10390172,21.28379714
gbr.9.126.t1,1.198193372,0.972009817,0.833504125,0,0,2.295003034,0,0,0.694583429,0,0,1.976071497,0,7.478283937,0,0,0.721411949,0,0
gbr.9.53.t1,155.7922672,127.1355655,83.86114907,51.06243392,113.6195373,30.19547658,52.48924914,68.35692943,56.44473259,47.98987954,17.21921093,32.11675448,23.88950887,43.08677084,22.54238473,20.35954242,30.7082964,67.73640194,50.96502584
gbr.9.78.t1,347.3005059,210.6614825,283.5528119,342.507868,278.3574822,339.2959254,280.9684787,144.9943004,119.2506088,132.2608052,184.344626,325.6523525,202.335179,258.897552,272.8274119,284.3672998,201.0760069,275.3640371,164.7298832
gbr.90.77.t1_gbr.90.78.t1,39.94014272,162.9084228,110.0725764,88.94023845,62.46696988,123.526288,64.07337783,29.54307505,69.93565453,43.01584473,42.83200372,64.99784547,87.64845999,46.84152959,71.25763926,120.3907,64.64475733,100.6876411,46.34899951
gbr.93.53.t1,731.5444782,973.0258308,486.1893433,292.5214848,593.6875338,201.2414099,222.1054084,364.0811403,221.3036082,301.8045463,239.0445259,741.5323239,351.7956079,157.0352416,266.2623492,240.1267458,402.731322,281.1626408,228.7887712
gbr.94.31.t1,11.05448261,4.919187568,13.43861592,12.09643549,10.04122299,39.88037903,17.67226574,6.980547136,2.924129209,1.546713334,7.065611402,6.637556104,7.782544807,13.91795189,9.39219149,15.17464223,6.33262382,8.390682763,4.915362851
gbr.95.29.t1,21.92570622,53.59437606,54.58706487,32.76414592,53.62211346,15.47228231,25.87276526,49.20369976,9.699860687,9.071251092,12.66185371,29.02321871,7.70734627,19.60643357,43.15686356,20.26848901,47.59342722,43.46297634,40.69537939
gbr.95.30.t1,10.13154077,18.36160651,15.29532294,9.829658503,24.21059586,4.954675724,7.764557986,26.4833133,2.999068498,4.377491233,8.005422627,11.90962773,2.468116901,14.35097473,13.70491811,5.67924078,20.24690547,15.00766087,19.745222
gbr.99.1.t1,0.643548928,2.088263516,0.895349112,0.830534643,0.871633678,1.232644727,0.236534555,0.930159284,0.559590503,0.843135779,0.543169681,1.326683492,0.307014167,2.008290866,0.601688159,1.130324016,1.356144709,2.019853163,0.589475763