"","Row.names","MMpink","MMcyan","MMyellow","MMblue","MMpurple","MMgreenyellow","MMgreen","MMred","MMsalmon","MMtan","MMmagenta","MMturquoise","MMblack","MMbrown","MMgrey","Co_female","Co_male","Co_winter","Pa_female","Pa_male","Pa_winter","RN_female","RN_male","RN_winter","Sk_female","Sk_male","Sk_winter","Sp_female","Sp_male","Sp_winter","ST_female","ST_male","ST_winter","TF_female","TF_male","TF_winter","ALL_summer","ALL_winter","ALL_female_smr","ALL_male_smr"
"17","gbr.1.137",0.231281401786501,0.801922269785394,0.503066096266684,-0.414885507097252,0.137551439529621,-0.14931687487353,-0.794181495613693,-0.433153893523627,-0.305224737566267,-0.281575383067541,0.335636815615188,0.183159045445522,0.339936963639184,0.330875117404875,0.29746721066173,0.238107086847986,0.244533274083049,0.125071686102823,0.197051054484804,0.207156424836132,0.339582891381229,-0.288699931037205,-0.265487511938286,-0.379897696092232,0.0136071269758012,0.0162610822046233,0.0963501323921615,0.0380284400464227,0.0212971659172644,0.0357999589503069,-0.173111274926799,-0.147063917131556,-0.16008114075702,-0.00567964803419707,-0.0215158844052594,-0.127389312616666,0.0432173707491731,-0.043217370749173,0.00891794750311786,0.034722061989297
"55","gbr.1.213",0.0929819387529438,0.784539665949492,0.229323086886939,-0.694057053253686,-0.0592070062943293,0.100063552968541,-0.640936500530471,-0.208784906774009,-0.15078392093731,-0.0776508369588458,0.332423753661983,0.504522896287246,0.55574116774711,0.384798109959602,0.601047019391563,0.119481567982925,0.0926948148649183,-0.0112986515016099,0.211863529119766,0.1650903211798,0.259566838144476,-0.396513433201668,-0.258434773480633,-0.465204764761242,0.134320630102774,0.0245041246864538,0.193651374395892,0.0746552221764984,0.149166951167485,-0.118445210151597,0.0766103140758693,0.0573094539997014,-0.0187667829116514,-0.101869306759595,-0.0832350373902537,-0.127181232718108,0.130459428945445,-0.130459428945445,0.0547695946709272,0.0757085591527447
"149","gbr.10.36_gbr.10.37",0.278510004817984,0.681353335642112,0.291046143874647,-0.483319778744819,0.00971725938825463,0.066581030879207,-0.592078489600134,-0.146563572802257,-0.104357622779147,-0.171797023528766,0.208944851726582,0.255207157625551,0.348587564564899,0.340996920492296,0.3920988527319,0.186554866348091,0.0197994232109596,0.0674390152909852,0.243384228328056,0.25726860229326,0.325544327055787,-0.413167829255433,-0.273127348783989,-0.235183066737806,-0.0752524671358861,0.0089961566120473,-0.0500783454483027,0.0182584160519851,-0.038203423658823,0.105488876514169,0.0679075963670732,0.0229357003138448,-0.0548268848140019,-0.0826735252996544,-0.0769185179792108,-0.0315162433031082,-0.0509025142349741,0.050902514234974,-0.0254048681590929,-0.0253228190234534
"161","gbr.10.81",0.00353880072430572,0.787095903297648,0.47060283535162,-0.461780249010252,0.190877845572464,-0.0035899183697447,-0.767853715103615,-0.41984174470069,-0.415026126675394,-0.35933886642762,0.474589106636066,0.168829429799255,0.320167524138345,0.306090852983255,0.269265333420268,0.189004456674452,0.24990605910162,0.170154764811079,0.127098053382009,0.163846892750676,0.183440294707973,-0.403564986832987,-0.217944470146334,-0.344879814841898,0.0476467268436845,0.118960304280072,0.13727144107904,0.0540824690241391,0.231029197006108,0.0830087398433685,-0.108599716538248,0.0422984507315643,-0.0279433966445939,-0.227470660119756,-0.210375856727272,-0.203348612798835,0.0218902288952337,-0.0218902288952337,-0.148673769767031,0.17769296973589
"211","gbr.101.47",0.328697574791993,0.762211700479859,0.523297434098246,-0.298198946018863,0.0264690384797851,-0.0239089914238563,-0.695442765112928,-0.454455536605089,-0.00919172917230151,-0.0673927887166571,0.135692040940541,0.0592913490614004,0.0900850626282095,0.0391322428052331,0.177055189429567,0.233764685183587,0.343997468396239,0.021067553561655,0.171023061554631,0.0502219591935528,0.0399370782138235,-0.344700867207166,-0.383766944524887,-0.418332011378551,0.094833232932856,0.130025216699139,0.0193227381398746,-0.00196773049246852,-0.115414124215385,0.0607704855932853,0.0924599474460268,-0.0541275775976272,-0.00850715677666449,0.0270004319201083,-0.0455284293054719,0.0614917639767838,0.110345986204396,-0.110345986204396,0.125855102042488,-0.0190831710970994
"246","gbr.103.23",-0.00152880434961404,0.77078862106608,0.532928946956218,-0.262100858785064,0.117628181464187,0.101063846311395,-0.718557179646122,-0.458413523127705,-0.00828926205290541,-0.150150706343112,0.202208353529181,0.0483105440544897,0.0327111912961369,-0.0396101203877823,0.152241323767513,0.17470747330162,0.396425246111412,0.180052890589562,0.0130279017972643,0.0132947806977132,0.029847317942957,-0.352718634598151,-0.350718514141897,-0.473320171749512,0.009087365613332,0.0678169918666696,0.056069060094026,0.0340426886360579,0.0650603924945917,0.0868606896226495,-0.0408699648004091,0.0831816729207422,0.0333669116577652,-0.0221107721992567,0.0329855801718062,0.00922791002974461,0.0609905938389537,-0.0609905938389537,-0.085393556999721,0.151403286731893
"264","gbr.104.22",0.325612952576023,0.70109098864036,0.471329711698573,-0.40737975050993,0.244561363602713,-0.32148845266498,-0.719009258363276,-0.453839762097967,-0.497808133903196,-0.378421285827237,0.355561776697361,0.209998290728798,0.438753288249911,0.427588769985049,0.301311511808138,0.349638946564718,0.196065576453855,0.0383126338093384,0.375021758477477,0.308598747468113,0.28087460245974,-0.214374128186965,-0.220274501090655,-0.183498888241901,0.103200414202523,0.0210641144609064,0.0751568539346239,-0.0159824265254783,-0.0917399249134941,0.0253802391665236,-0.182512780669466,-0.167066689358183,-0.194134368171623,-0.197962660189284,-0.167235094915058,-0.167042070173567,0.0578320172274847,-0.0578320172274847,0.100267778836819,-0.0458575228686814
"335","gbr.107.14",0.34099323133031,0.778925573649287,0.374873100596713,-0.478313951795127,0.000661326578444082,0.134980111418417,-0.760787178263486,-0.28509060178556,-0.162450688809478,-0.255262385734223,0.380939395955375,0.203674067965049,0.251012619715127,0.236421213029031,0.332677408225987,0.146713934181779,0.201261237954232,0.0391943920414962,0.229010842515621,0.158473072051304,0.217395218894348,-0.302284634216172,-0.423915308084049,-0.459797941195848,0.00968582431664915,0.0617673854374814,-0.0288135037637006,0.177900770895907,0.127498796002315,0.0840990862772815,0.0147276311940428,-0.113518947420732,-0.0260754502301678,0.0351434291918025,-0.163851042962114,-0.0149734304809445,0.0958435288088961,-0.0958435288088961,0.143635246417876,-0.0524452608557445
"537","gbr.111.36",0.0946926037957302,0.798055825101263,0.442660820251606,-0.458135063709772,0.0997497121602903,0.216728331293671,-0.699362664648117,-0.348328121365082,0.0311566399141055,-0.0150398272765963,0.274150392597507,0.15551783123656,0.15120911471611,0.0962192324173832,0.276717757637179,0.164645160174607,0.244871661069865,0.145191780838891,0.0314983054094021,0.0271682758233041,-0.000220904900536088,-0.394610636676638,-0.454706117804372,-0.531987623209896,0.10323286581702,0.146269105401137,0.0972373072046625,0.0709140333636257,0.0662846331905392,0.0971791346037141,0.0217514722654152,0.0693287342523033,0.11601370846801,-0.0250306453444892,0.00509825023659012,0.0210982447144125,0.0495963257219847,-0.0495963257219847,-0.0127509847505313,0.063869864512513
"572","gbr.112.51",0.313213129524348,0.728372487328663,0.659478187302396,-0.110793537928486,0.0319703019580184,-0.233145808261601,-0.68064355872109,-0.631197867355435,-0.053664021058888,-0.201014558935635,0.00280918853920037,0.0256265620799942,-0.113158840868802,-0.254782360190279,0.0586342545687839,0.345432656300007,0.436084827623794,0.054847621812397,0.0143445827034794,-0.0650121534774997,0.01038581360228,-0.235170459993734,-0.224729140184339,-0.357247830961633,0.0253289212438295,-0.00950738164432227,0.0374611989342248,0.0196607662041361,-0.0187325983440244,0.00175898066544942,-0.0209639335281545,-0.00611405992076813,-0.155671507540429,0.0521726321192231,0.0576075241479481,0.0346140236103728,0.178102079940548,-0.178102079940548,0.0927722857541028,0.0845427940686152
"581","gbr.113.20",0.346334907841028,0.615397188969684,0.51035364079457,-0.119450084937952,0.227729271866608,0.016177973732897,-0.598499117567527,-0.362443418469478,-0.0413092155644635,-0.411009653162256,0.0449974350001473,0.125865762895564,-0.0290197222040428,-0.153968845165372,0.18121551372307,0.287543553465553,0.307462369655224,0.201929360492815,0.0809638561804217,0.111683497885005,0.0836339949844635,-0.134814447040569,-0.245548761959376,-0.323785891701101,-0.0916973152765554,-0.178778532124581,-0.276624889156057,0.106385179030198,0.142030006290665,0.0201958699942391,0.0354576233296039,-0.0466231913754098,-0.0389284551314168,0.136299125609803,0.0319408611420579,-0.173007612491374,0.261902148307091,-0.261902148307091,0.19410418642446,0.0640369976496571
"582","gbr.113.23_gbr.113.24",0.19305810626457,0.731006788531931,0.620753399049798,-0.262062591257798,0.25560799798744,-0.0878758363692776,-0.695727967715772,-0.590110667479331,-0.0868502158928773,-0.236990730610826,0.120849091574954,0.211218547237482,0.0102568847620252,-0.203039081162658,0.170323349383849,0.436800469994897,0.417835466677754,0.0919738031617022,-0.111150853124032,-0.0243751589107324,-0.148629838492264,-0.244944046811301,-0.144660134825091,-0.539802758004384,0.101243612490171,0.0820367591647718,0.106572890545404,0.0626084511754504,0.126929198302933,-0.0907123526852555,-0.0571477676357773,0.0551771556091351,-0.0505359084416603,0.00463152527538692,0.0332391802285517,-0.0681294842721098,0.336845713685741,-0.336845713685741,0.0887234092409019,0.250549097720417
"605","gbr.114.30",0.432266260345038,0.75911239988206,0.623611813538953,-0.195489952955892,0.180652098201611,0.153904257144861,-0.770392008628911,-0.46279365941669,-0.071442766687723,-0.471852622568383,0.227803503833479,0.0711991078289077,-0.120796096391221,-0.208303653424126,0.138168750342721,0.390029889268667,0.362724089324858,0.117643408343702,0.0209842745923907,-0.0211655124635379,-0.00566110559510659,-0.344581809309412,-0.335740907371455,-0.372038936785691,-0.0952406974759112,-0.133778880284996,-0.128755865108995,0.282734985886207,0.129094412095283,0.213748755264157,0.0767419997920795,0.0404096248180387,-0.0502084956914871,-0.00749012064143816,-0.0905725628067914,-0.039208248625519,0.143889194462393,-0.143889194462393,0.149308959237841,-0.00941203656129176
"609","gbr.114.4",-0.0321931036277231,0.604790573678641,0.261519413321335,-0.407733499241625,-0.0279487952636503,0.0750172545987369,-0.533593997601703,-0.273101020981175,-0.192713993047098,-0.0268136242016894,0.363800931392853,0.102847493158167,0.235010916581415,0.281914422971253,0.217066724872063,0.0699736236112611,0.0898708749422148,0.0812270671701031,0.0574745504577629,-0.0206058117530429,0.180640402283825,-0.317796009964469,-0.320861089874528,-0.306731723034509,0.235059540551854,0.0817419711584443,0.234016974363954,0.0611232214236566,0.146096658984443,-0.0153481914887659,0.027079327519423,0.0133033697704774,-0.0139304340191132,-0.117917580987043,-0.0847674162333107,-0.0942504818086075,-0.0230199141236877,0.0230199141236877,0.00692848511453613,-0.0307006842043032
"672","gbr.117.50",0.441294741265442,0.770370146427734,0.638191331704402,-0.220252185953838,0.0703547075061131,-0.11718329022973,-0.748988045064544,-0.532635284055979,-0.246459943244152,-0.483032781919542,0.189346180904839,0.122905356158097,-0.00804305630720286,-0.105752699328862,0.166480591552875,0.424418782206952,0.284728122790053,0.0898487913454228,0.106551981932417,0.0462650656751543,0.0715912471808579,-0.296235668783765,-0.186850986495407,-0.290204371017293,-0.0675089532468144,-0.118086867391758,-0.0305089671604684,0.260495911796798,0.0775381605307702,0.0576035108415665,-0.0334410740227091,-0.0452434407230811,-0.0567689860466444,-0.0917866951948709,-0.153400586615485,-0.0490328274327006,0.108342320470782,-0.108342320470782,0.139752810697079,-0.0356501334404928
"711","gbr.12.104",0.266626116718724,0.731634942664691,0.271569040051488,-0.632380502880582,0.0345500207419649,0.0182389600261373,-0.647867225439851,-0.184376963854202,-0.336359564059712,-0.294515317409368,0.431771080302187,0.427104825698227,0.521822068547957,0.439321092008967,0.505304766160362,0.156499383251714,0.0909694341121416,0.0117912634009188,0.327820741493888,0.249265574784269,0.209732380857734,-0.260517701422636,-0.186127126223707,-0.415522029849487,0.104958651463719,0.0213838210832376,0.0271656174537008,0.148934986833246,0.191747055128619,-0.0471262796619144,-0.0639200057030681,-0.00619572064462557,-0.114478178586014,-0.0620191094806921,-0.118758791106594,-0.27159680717803,0.280214119226683,-0.280214119226683,0.162512233900153,0.115716600191521
"753","gbr.12.63_gbr.12.64_gbr.12.65",0.272190625066572,0.640593889303077,0.363402273589433,-0.344146117416626,0.0155417530089466,0.10102080277443,-0.599584163510267,-0.27036473381742,-0.11227358441494,-0.293680883576753,0.282432422375722,0.177199038546767,0.148473815965281,0.0672188375733766,0.276835807734966,0.180615557277885,0.159514880296295,0.0585808941336818,0.191711780880408,0.0868627881705867,0.114154894633994,-0.215199906800933,-0.194217195661828,-0.438377082579999,0.0672288560845491,-0.189416392013645,-0.0598738567500151,0.202696612222034,0.117616503404653,0.133377678141914,0.0264132429212482,-0.106852006880834,-0.0259802144183646,-0.0431889557391821,-0.0693914106985576,-0.00382648392269933,0.115276842494334,-0.115276842494334,0.189548672252629,-0.0806268070276017
"848","gbr.123.4",0.186437983313131,0.743914019300265,0.520703556224668,-0.424457393382931,0.253276296577185,-0.287796620870121,-0.655625289842437,-0.513170656356626,-0.228159863806344,-0.0681969289849357,0.166011798479266,0.185505008635868,0.325340878188981,0.27259289680855,0.265665988853126,0.279886909598587,0.203708458891158,0.235452428537288,0.175213582636817,0.079281220242301,0.148999074249465,-0.207601359760188,-0.201400681888798,-0.456607213290302,0.187153384680467,0.134862262637865,0.258385112377916,-0.101740356222496,-0.161060843373807,-0.135894228950895,0.0015019765276788,-0.0334752760653539,-0.128564558337362,-0.129719183945217,-0.0494780956118051,-0.0797690092833424,0.0922601432675568,-0.0922601432675567,0.094569373827426,-0.0048164046318429
"948","gbr.128.34",0.156596661461573,0.654573281503954,0.209968991632592,-0.484610735115875,0.0225384500143831,0.378917336706547,-0.574471117890445,-0.00681484266881159,0.113772449137108,-0.293260774125091,0.137066750711068,0.4584446082572,0.301930086742102,0.105704793865121,0.526961715745023,0.101065189370933,0.168896081706086,0.059717860508816,0.223863228234183,0.203828890602342,0.163172734881111,-0.315369328788733,-0.296142992699775,-0.438668436992424,-0.228112409506072,-0.161364399542582,-0.229460927780438,0.239033938514047,0.13868769204433,0.107150588059255,0.107960581736347,0.0844599749732039,0.0794780058403352,0.00668643393936297,-0.0351742607077117,0.0317784916081364,0.120367470334736,-0.120367470334736,0.0624291682203406,0.0574185860788505
"1027","gbr.130.32",0.315931014101779,0.800787087893332,0.368264573176578,-0.530854781190862,0.02688475342416,0.114970390535903,-0.678782557379569,-0.21700510685309,0.00229153214353529,-0.247006599641954,0.0994559872064198,0.471760132095092,0.362999309302199,0.137827536975659,0.552078701889898,0.174921514756615,0.200733281954265,0.14566354355158,0.290390431990827,0.247325188889271,0.181228851046529,-0.30053034205258,-0.221393669111456,-0.531663991164672,-0.102475289529526,-0.109629006189552,-0.15097636134077,0.146103488867862,0.0486110083725101,-0.0602520632839956,0.0793207057152177,0.120354094123407,-0.00739819660129451,0.00464477097869657,-0.039362624723868,-0.085926560300709,0.255293919611447,-0.255293919611447,0.135077815774617,0.118993360839088
"1054","gbr.131.40",-0.114644717345861,0.745259986074468,0.177184934909162,-0.641234907463401,-0.186114676918062,0.0722234903455958,-0.628365051316694,-0.230846371284504,-0.128496936396235,0.0424761472170085,0.322328902331569,0.380123786997802,0.523642185086302,0.382927203229056,0.512057870887602,-0.0473622573298357,0.168983625059495,-0.0139684480625363,0.142184325747689,0.255314965281184,0.278264669832277,-0.442507377809196,-0.268858577993892,-0.420885610586297,0.123361569170505,0.111729221036288,0.235026285272281,0.0432554360704268,0.0279916406141873,-0.0509929399055138,-0.0857914751927129,0.00737802875929093,0.0455848031561874,-0.0715650123188999,0.000489099228807699,-0.0408061134582253,-0.0170047459930818,0.0170047459930818,-0.156352758509544,0.146080950625062
"1063","gbr.131.8",0.308449070507932,0.640078088284455,0.330007845284951,-0.39386528872057,0.0231353932651948,0.0212489710621907,-0.548367078026243,-0.267967042628657,0.0392181905667731,-0.0820680305852621,0.0609569837489078,0.356420283825525,0.292179430815177,0.0977474013607456,0.416731819295322,0.27450997259342,0.155858599962998,-0.0242272526622524,0.209712837742993,0.105557888951988,0.160667322217764,-0.246974075878953,-0.29877283179975,-0.367498894140716,0.0118632170482307,-0.0780326965448213,0.0483301966990485,0.0641183959852576,-0.0883419602737891,-0.0823834909970861,0.108313565099188,-0.0635353562890633,0.0350268375907207,0.0162693646372764,-0.101371052156071,0.102659048831038,0.0560930462830015,-0.0560930462830015,0.202270387079006,-0.154236612826255
"1112","gbr.134.26",0.0321943669239386,0.57224784094669,0.344102697255876,-0.307554038916133,0.156844967139642,-0.0157150129292439,-0.482384046172096,-0.322162683058575,-0.00543708933282172,-0.0751831598588335,0.0561060404735151,0.254534131960445,0.172129380963956,-0.00411085544166345,0.292006373219068,0.13000228121602,0.233786032073651,0.209482939983252,0.0972268322842179,0.0232674145677842,-0.00032042660833902,-0.26255524377971,-0.0709035339392536,-0.407780925411004,-0.0987379122811332,0.0596737752275706,0.168069750415158,0.0714400639090059,-0.0310514033992276,-0.113298752791861,0.0176861849473271,0.0281911361344017,0.0857364395938221,-0.0548975258689125,-0.00410317876524345,-0.0222466622666852,0.0604971848398359,-0.0604971848398359,-0.0461240665475186,0.109858376293737
"1122","gbr.134.41",0.392895673501243,0.65770973654168,0.506280129087292,-0.21443285628935,-0.0358502463390028,-0.11210520439759,-0.620112710233166,-0.51577256449895,-0.262029655952265,-0.393235280037016,0.197162277696439,0.149395299258956,-0.00582178874136321,-0.15539672711833,0.164847993825278,0.339859028457268,0.283732017880667,-0.0339449495915036,-0.057797032579458,0.0965011210425492,-0.00074262449086055,-0.19280884470893,-0.0871809579109426,-0.366587912479966,0.0341649170605333,0.104386792544999,-0.0682984390100904,0.158840598599984,0.151374424732451,0.0324876513767681,0.02714320234052,0.0245774251087602,-0.0297148227962323,-0.0825477969578859,-0.043498653848323,-0.267125294514797,0.344050854131198,-0.344050854131197,0.104806919715553,0.241082306355747
"1310","gbr.14.88",0.216569833268402,0.684150451883173,0.467906824787612,-0.256661052569949,0.143067230110812,-0.0682206174121889,-0.611461469705596,-0.439174482247342,-0.0972540734431885,-0.142855277379665,0.0707393068226234,0.0847601105825571,0.183102358542692,0.102799788712776,0.247806281263573,0.230963686042272,0.238675847009044,0.194640285619485,0.178296081680281,0.151125290071465,0.202154933740537,-0.360687188831409,-0.307540696954534,-0.209503011948162,-0.054806940107342,0.080647468905124,0.00921537203550368,-0.090125595951052,-0.107017474684325,-0.0387913702581242,0.0969187733499058,0.0700468198535301,0.099008224434872,-0.158694253707964,-0.0775600796178399,-0.117415516185139,-0.04230294402001,0.04230294402001,-0.073058807996217,0.0332459466179168
"1483","gbr.147.19",0.497377744571756,0.828762550098824,0.728061202180907,-0.27836844996673,0.198494590161494,-0.245282400063075,-0.7909421887185,-0.639718131229183,-0.363570810757886,-0.456753051854419,0.262008845575247,0.0981232132418811,0.0470578016528253,-0.00789715986752684,0.140807939208425,0.493113907116871,0.294508750317616,0.123406382367292,0.0984123815023241,0.0275305291668421,-0.0013270332092303,-0.196204416636893,-0.217518541708986,-0.393946643959987,0.127654393492197,0.00271082353454475,0.0618925783044218,0.129664110905255,0.0879023005348417,0.00389281274219758,-0.0237324509272967,-0.10810499937857,-0.0309460755251994,-0.1014304544692,-0.193233131623526,-0.18151666882919,0.211158090381373,-0.211158090381373,0.243695378328646,-0.0395056550818605
"1530","gbr.15.118",0.131186424338401,0.666355333726176,0.51762509463739,-0.21192371897632,0.2133621082897,-0.159299267235594,-0.699144305923392,-0.480498765258371,-0.346977415519303,-0.516348109955219,0.170642985263011,0.181964379915019,0.213210641844494,0.100143060581232,0.236527060780253,0.320878492538967,0.314985785155587,0.163497304914057,0.168051816540015,0.271579564191554,0.216451745362546,-0.175921110146177,-0.128819829550642,-0.264723501409905,-0.122929100546671,-0.0837202555378648,-0.116892312621851,0.0788235372950712,0.0892818731928031,0.00497255550199885,-0.104343707036193,-0.0287195957797458,-0.025182054864849,-0.173942283980189,-0.196279934940101,-0.163216232070253,0.105242736151155,-0.105242736151155,-0.0043346621586652,0.111782552494926
"1549","gbr.15.40",-0.124879284654744,0.54506725449557,0.370296378370482,-0.211062395604156,0.0404937702239718,0.00595936862980191,-0.551893335194427,-0.340535799311883,-0.0392626164643084,-0.0713017084913223,0.162515943596505,0.0548299064109021,0.0784715108377908,0.0231438771058546,0.100317515460399,0.118778164288001,0.342130047262363,0.0363453127831566,-0.0404453984619589,0.133080554679695,0.0394042057302549,-0.334224324037491,-0.162960437814487,-0.321544867033197,-0.0503369922432401,0.114868300457019,0.096847890745311,0.0496363195149097,-0.0122557098652468,0.085179780437148,-0.179642415480697,-0.0430427466025585,-0.0920345479716211,0.0214734682093809,0.137665369517752,0.092424933725544,0.0338498484301234,-0.0338498484301234,-0.191620282951186,0.234766025342195
"1722","gbr.157.14",0.242373781794082,0.554285465511559,0.394932787971697,-0.290531874145857,0.14831265284232,-0.0878254058453863,-0.531007307452352,-0.34054364925628,-0.13710224028767,-0.16665088008226,0.163062082028576,0.209235318603128,0.218381855898884,0.0984442103741093,0.249096513817164,0.287438857163472,0.196057904493882,0.0362273730163672,0.0569245133292762,0.177469075233372,0.0609933660443369,-0.26153717075314,-0.185339353671806,-0.221818846351042,0.152111896204536,-0.0699099629561062,0.0597814071232321,-0.02701909175305,0.106215932426548,-0.101471167370425,-0.0911973927320566,-0.0461719617412647,-0.00630824180018967,-0.0342329070185775,-0.0616942385115931,-0.0317715577746328,0.0972659594113487,-0.0972659594113487,0.0381099044836661,0.0592929915389163
"1844","gbr.160.46",0.539068915479975,0.772522663412138,0.6482814367414,-0.247241908834115,0.187490649772219,-0.181125279018601,-0.763964408959844,-0.528902763349503,-0.244262785342741,-0.471513538232241,0.145044630351056,0.171927794917635,0.109282393206886,0.0129455627908875,0.212986570778491,0.391504769241576,0.455015162640992,0.0243683772104324,0.176289986629695,0.204727067061402,0.0909387373461735,-0.201153627106666,-0.214235724057113,-0.337093349504632,-0.0585667527880005,-0.0724657572450905,-0.0861800177729902,0.106290551899362,0.0589030157333646,-0.0432321784441428,-0.0372094145035533,-0.061473999658794,-0.116319201974473,-0.0803859427316909,-0.106854261160553,-0.0964359608659935,0.264589065350944,-0.264589065350944,0.137107984268804,0.126344178410682
"1899","gbr.163.33",0.134912975953953,0.634002899800178,0.43487972034,-0.271702337469813,0.111453076966466,-0.342185990772031,-0.622350657760884,-0.456767536813219,-0.331532208808415,-0.312351745796738,0.0575808802664303,0.238243368695318,0.362868885052095,0.23156329174938,0.28896673289845,0.265556419396024,0.323443641189428,0.0578919004764884,0.308247074522239,0.255568029536563,0.275716307524966,-0.2094549717427,-0.0490175920001017,-0.211157293685455,0.0249521086673335,-0.0659975287053749,-0.00576744009618378,-0.00177379335245097,-0.139285980368492,-0.174216485320489,-0.0832671729496313,-0.0251644190844504,-0.106403031732345,-0.0824475794028857,-0.12570117056772,-0.229444679187569,0.183459364848985,-0.183459364848985,0.102477514167177,0.0798590564940135
"1963","gbr.167.41",0.101124758160824,0.619112274768869,0.572134767528975,-0.0315409990680963,0.122396005487644,-0.102226348413989,-0.603093860670592,-0.560903224859809,0.186779873236016,-0.0378478517215708,-0.162918477694438,0.015076686593231,-0.181700963640246,-0.36083757278959,0.0274467873328649,0.396071290987139,0.393910518509466,0.0921953430335909,-0.0682831599076331,-0.0674918246986314,-0.087130147598628,-0.272235789705394,-0.239892497554027,-0.407564289562857,0.0448888313530311,-0.0770884174127702,-0.000380227582325783,-0.0302583922047366,-0.0444331644651382,-0.0854361215662188,-0.111767000938015,0.0511103077180174,0.00412843214206228,0.144967793611908,0.155350107409998,0.218748542208078,0.133323557987972,-0.133323557987972,0.0477633650136293,0.0859498601473407
"2008","gbr.169.32",0.349758503774713,0.887790871146505,0.743535650037167,-0.266377189611428,0.154626543256604,-0.177091469596084,-0.851295723467401,-0.676638268627625,-0.287824240907752,-0.366545059445885,0.246478363656938,0.0107981890488271,0.0171813144050839,-0.00454238391238141,0.096225726162941,0.401707304219514,0.454510382996299,0.0764188200361454,0.0670773538691995,0.0351891442722706,0.0423750071442691,-0.318654422539967,-0.286558554262567,-0.415589093589356,0.124399759563622,0.119578312759534,0.0556588777489753,0.095792561351877,-0.0090192200673801,0.021424202526572,-0.0103924495813131,-0.0461531977914134,0.0082617688203276,-0.151333733542012,-0.148645743201217,-0.109850528510781,0.161743399539339,-0.161743399539339,0.0963718356056815,0.0641097327764516
"2181","gbr.176.1",0.136193040167902,0.678189719501135,0.314920027513323,-0.367098627098752,-0.0885993620514232,0.29315207993902,-0.575515198347704,-0.239659668418287,0.243693900655933,0.0280428336314298,0.0648430033933124,0.207216351293237,0.0516295187899731,-0.106396389444709,0.293148480817096,0.157193923308176,0.250497697002774,-0.0212207113612314,0.0136472525150421,0.0317379388257915,-0.0347185935897854,-0.457747091575315,-0.25905698869302,-0.534556320374493,-0.0270292578274726,0.0401712520096553,-0.03818657652506,0.0795299001365961,0.103421160631102,0.051111500970177,0.107477058917017,0.171413014295073,0.13991346383577,0.0309022892457645,0.0535292883679813,0.157964149885039,0.136541032460516,-0.136541032460516,-0.044364120702432,0.185514807210406
"2307","gbr.181.4",0.12898314343961,0.614079702565282,0.16315405047244,-0.606408524897998,-0.140605623229271,-0.122348346261825,-0.529300488103803,-0.263866720243041,-0.357654258529357,-0.0525144882231194,0.384201465829282,0.341932315740897,0.504657990623536,0.433673662998903,0.409195642566861,0.0550528963744015,0.0474301841981179,-0.0475994997832124,0.237748018376232,0.243554560809875,0.149870563663869,-0.267170435110715,-0.0777726796349116,-0.423032837642577,0.28316340805977,0.181161620647889,0.192621157492106,0.0193142667578878,0.121164450034968,-0.133143030887156,-0.0335556308773991,0.0141535018157977,-0.0819019367609957,-0.127843144059895,-0.124563354029986,-0.23247934886984,0.260263298228639,-0.260263298228639,0.0770199819859575,0.184736136945159
"2420","gbr.188.24",0.296813906043519,0.681724640362438,0.486496411034233,-0.362914380343399,0.0638100258968175,-0.260393741741846,-0.595659440364154,-0.512276788157404,-0.402579118894283,-0.138179667684969,0.341354392104844,0.0113411247313748,0.220523681526926,0.294293661037206,0.126006935138147,0.172057982182617,0.217562807053039,0.0965657225912456,0.078789259588223,0.119345335401942,0.0844275710292435,-0.262399139041061,-0.1714509000138,-0.286960777161864,0.415880445526988,0.233381910365136,0.136014907959931,-0.0310976890595687,0.00672389973486397,-0.105408876903394,0.018291565795493,0.0784397842980957,-0.0798556312792523,-0.224467650091487,-0.256807309901782,-0.22668098473663,0.185515587969213,-0.185515587969213,0.0771795551671022,0.108394427262182
"2649","gbr.199.22",-0.0197812090587057,0.662014166695465,0.279790205099022,-0.523122158148779,-0.169802161056472,-0.0661090012170659,-0.591298196037485,-0.331917083867283,-0.31554562701309,0.0662455846282502,0.538489345024496,0.0965112956773137,0.333177374652959,0.400077514876166,0.202892698318041,0.040317830709425,0.145670518616267,-0.14058472103534,0.0932446020911891,0.114903640703287,0.0950760828325406,-0.389314856155488,-0.194605957120189,-0.360374156264696,0.395468896403365,0.252579315693415,0.300246993847529,0.00251180527249501,0.0507244439370758,0.147324931223365,-0.196967692327044,-0.0664172009297464,-0.175180900197677,-0.0518380660414043,-0.0231022944980701,-0.070094715375492,0.0798636597878213,-0.0798636597878213,-0.049238954742589,0.132850123725378
"2654","gbr.199.3",0.11621251994795,0.71516376184782,0.459842558673527,-0.352826567540524,0.0270200064104785,0.173255505638245,-0.663158847712055,-0.421826993666962,-0.0733965599082387,-0.0272553764485047,0.400794495427463,-0.0148988146860608,0.0125589092782829,0.0369386592780441,0.0990177187269424,0.203331899715477,0.184317240734882,0.0854070333727761,-0.0507900546950264,-0.0442814745288633,-0.0979321024022065,-0.43771630830489,-0.378112578894392,-0.441358111110445,0.268126466982917,0.201455765072691,0.141969123011956,0.106475788116345,0.0446277147557189,0.231492295943889,0.00729079502508627,0.0475487094005096,0.0438488732422521,-0.0368243659540618,-0.0582282913714587,-0.0106963898455082,0.041117008030808,-0.0411170080308079,0.0276712193816887,0.0129818173087176
"2655","gbr.199.31_gbr.199.32",0.562627245017545,0.586704226545809,0.448195795116747,-0.20347681992191,0.0219085326881809,-0.0763507457089099,-0.586003378261939,-0.360982987978808,-0.267245043670376,-0.400098335395045,0.2720881395246,0.00641957493087804,-0.0141475951652784,0.0367871717452317,0.086696525914489,0.190197932117702,0.263233212257879,0.0536596404737574,0.146319942356074,0.114961145539075,0.0257173487853281,-0.0806362793132828,-0.238958384491433,-0.312713672732127,0.10926706620889,-0.0174397449679258,-0.21827363637785,0.334014736721796,0.0419133945305468,0.0652815895610421,0.0541618812112423,-0.0590606037470258,-0.165404889688919,-0.0579410498781542,-0.0633324367495035,-0.195056135938334,0.356468917077832,-0.356468917077832,0.321268551161874,0.0275049611033955
"2903","gbr.205.50",0.152890635432671,0.589431967705116,0.330800415183746,-0.362088034065721,0.132563094901885,-0.16346254511726,-0.50623141333182,-0.368141846600361,-0.207990317290852,-0.119355330765464,0.153062318607653,0.233096711051678,0.327004997334851,0.19642861935322,0.324948612848652,0.208801494748305,0.1086886571803,0.134889740480024,0.185767037915211,0.194091864498033,0.126894168295679,-0.255246897392843,-0.0749331212304526,-0.303241270889397,0.198296726215545,0.0330276128850914,0.0307706562375207,-0.00882305531979303,-0.0483693476696709,-0.134154273636311,0.00413972242414094,0.0790168361919078,-0.0612573132520579,-0.114057513346687,-0.03368466218091,-0.240308431280114,0.220011948162922,-0.220011948162922,0.101121738499205,0.11852654435069
"2947","gbr.208.37_gbr.208.38",0.361679071593519,0.627636960498644,0.256204515051637,-0.478174779650992,0.0137601127471905,-0.0669525896379543,-0.546164955179916,-0.273282562583435,-0.0761180151835723,-0.0391534527575318,0.156384626118541,0.328205273366862,0.363243956285943,0.214955379307633,0.410266225436942,0.226690122535643,0.0963650782240155,-0.0375242841861432,0.288794782741377,0.174289971249216,0.0483640790219759,-0.248375661997322,-0.223550362351463,-0.42142638542504,0.225073000680326,0.0639471648677548,-0.0094550497387555,0.176443804687477,-0.069727890011532,-0.22356473503434,0.136997721420901,-0.0257715600988017,-0.194730718227577,0.00340180194677054,0.0177948634825684,-0.0573805625549017,0.406236571570057,-0.406236571570057,0.373771020935309,0.0233504882485875
"3382","gbr.23.29",0.154610340207254,0.837707244593954,0.39936910550419,-0.621644314799377,0.0546589849942976,0.0335832279692088,-0.697601003087089,-0.381727031668086,-0.0514564945348223,-0.0202450069398735,0.20180925800546,0.480433183530445,0.421800467908245,0.166496907493254,0.526504017835381,0.238545099640373,0.263305992863578,0.0240291622833294,0.15515018691183,0.114377292892943,0.0487503156599103,-0.41536478817353,-0.259849627438096,-0.554126086590994,0.123270447741933,0.0987606350735104,0.186380583520649,0.0425468735781593,0.0538974280385802,-0.155224774695367,0.0755490715139763,0.114890264166514,-0.00383777980812274,0.00372477385004746,0.0173640278364204,-0.169481416520628,0.29278596051826,-0.29278596051826,0.103221142493156,0.190495925196289
"3395","gbr.23.52",0.140144445219297,0.695757512469076,0.457353166955465,-0.456461351143097,0.0597566498904771,-0.262902636963446,-0.682083815989485,-0.442537445185043,-0.584881378391226,-0.280404890381766,0.566534970802723,0.0430344010940576,0.331131327587314,0.497163968598892,0.1393091608115,0.131538905219076,0.18346064894502,0.0688495336773414,0.165289541207486,0.112001606548953,0.251366675216941,-0.255257412686398,-0.143890030068614,-0.28852039911018,0.247076221551464,0.183325040236684,0.260175740897682,0.0872927314431746,0.0482992058898004,0.088926230218273,-0.220130442973085,-0.176321098053649,-0.101539513905856,-0.160640750503459,-0.251320551049175,-0.228990491567901,-0.0165664872219318,0.0165664872219318,-0.00223202472044462,-0.0145500292844291
"3675","gbr.25.142",0.43348078638605,0.647682247288081,0.435873394115262,-0.263937727920528,0.121113378626739,-0.0929779949541447,-0.57368113372034,-0.371544997569576,-0.0461453545423543,-0.203128308187102,-0.0133833372053925,0.205767188844128,0.188462815595559,0.0596228195342467,0.307274493228676,0.305258118961289,0.2420658109083,0.0450054739948244,0.268486181444321,0.175599553964143,0.0867233421481245,-0.168004662944976,-0.370770448000084,-0.263296106499278,0.0039158528421363,-0.128541705386586,-0.054149928438255,-0.0167843908777659,-0.0891439844148902,-0.0626413879709712,0.149882900855165,-0.0295274503701286,0.0597653510194376,-0.0523147035708668,-0.0945142014324351,-0.0462290917606669,0.116180104710266,-0.116180104710266,0.226583686571521,-0.118413039988495
"3808","gbr.253.30",0.179286495868686,0.823915710706055,0.670614149576204,-0.290570289661685,0.318075190233545,-0.11608187966242,-0.796686640656835,-0.595888733869158,-0.127490220523193,-0.311770435517216,0.112911952417907,0.210483108064746,0.0940959929584728,-0.0760540932487534,0.221271093870584,0.451700713064296,0.418563019114371,0.141894517541445,0.0434137314816197,0.0117393741349988,0.052823856600798,-0.288038412172523,-0.193956484783099,-0.515283150803229,-0.0400629310114343,-0.0416448671154638,0.137737203869293,0.0624140737873624,0.0207045916013626,-0.0417909359028075,-0.000849961310466885,-0.036770003624031,-0.0367906150145004,-0.0158084524674585,-0.0571532625718802,-0.0515083784264551,0.161449016193085,-0.161449016193084,0.0982994850988913,0.0617950666339747
"3818","gbr.253.8",0.33143034366636,0.664989503467092,0.24826129162672,-0.491133910485889,-0.16398430633511,-0.00757918142523294,-0.558750322720192,-0.25330836610325,-0.140421004736655,-0.109684865493176,0.283532702460948,0.352507790099993,0.350603107644891,0.182063303279487,0.4443136349824,0.105347080924607,0.162897563998326,-0.0870930333576632,0.207419095726212,0.246924489804006,0.0726766608065029,-0.293346827346814,-0.119258810960767,-0.438281383287311,0.124540767155334,0.0223390759212356,0.0313744478419585,0.0177518617388954,0.134021202083408,0.0139783850857034,-0.00171773157615329,-0.0481161051121953,-0.0621081071414521,0.0680114826679607,0.0283458884002346,-0.188716139802656,0.300532375624326,-0.300532375624326,0.105338987003294,0.19617680723578
"3892","gbr.26.18",0.290556917053814,0.722665321138691,0.525235759350039,-0.395952319430928,0.15616228756891,-0.402750700987816,-0.669493486112698,-0.541893545868222,-0.486680848994898,-0.283800145148628,0.287676104461886,0.199928979035564,0.35397762007897,0.317392212301389,0.246651492763664,0.263142269402283,0.265962610796965,0.129164687017544,0.294713710520391,0.145111204778883,0.164237283199902,-0.151306023973138,-0.160287710941809,-0.291905740608252,0.175126146456895,0.133256558244273,0.194207425294491,-0.00543459821947021,-0.0322314459488344,-0.197195608765767,-0.0405206564898713,-0.138604092730541,-0.117655311609985,-0.103415455142352,-0.25756840187863,-0.276207886633066,0.191193192174706,-0.191193192174706,0.199725736145203,-0.0138973677561083
"3936","gbr.261.18",0.0634807920046734,0.692259578029856,0.350371134018648,-0.453527967741381,0.129286353954124,0.0564215079375253,-0.638799639492963,-0.371518229900476,-0.183187526058492,-0.158531788431641,0.277950462347416,0.26369344591625,0.305486350839881,0.168896602059111,0.339492278249119,0.286629334764266,0.182298193966321,0.0279365238976568,0.153680800085209,0.210455502930211,0.0190750424540462,-0.390546372914588,-0.117553817561767,-0.462585670600509,0.107635484581893,0.151342489884628,0.0403617300821866,-0.0906373313425566,0.123169114003323,0.0438913347802226,0.00262171737759685,0.139394194888298,-0.00432054833719259,-0.149934530009576,-0.0546052666905431,-0.173317991163024,0.245585386833592,-0.245585386833592,-0.0372146347674112,0.289169033208836
"3940","gbr.262.15",0.341392544051546,0.694538393797279,0.65500940275124,-0.136188024572099,0.305712355717418,-0.181283690435313,-0.729649423659228,-0.608394715232569,-0.202505827969283,-0.410330784831802,0.123164941348215,0.136995222591385,0.0106237321350981,-0.168952707570286,0.141980272469617,0.447980544832676,0.424333452562606,0.137787201341523,0.0465974515242067,0.0222143301633458,-0.00166968317624784,-0.225831549722167,-0.199434022732729,-0.304403263665284,-0.0919824051288088,-0.0730096948252947,0.0720901642766959,0.095085612471172,0.0896038837709058,-0.0130150448135052,-0.130854764259308,-0.0266106121427606,-0.112897574134604,-0.0559320188848911,0.0456991612826421,-0.117768426571636,0.172182813994488,-0.172182813994488,0.0392991731963411,0.134397347747635
"3974","gbr.265.2",0.362127195688345,0.645726339775365,0.347845798888039,-0.432675118469662,-0.0519780021411019,0.000456094137118173,-0.58024076662598,-0.344732590624363,-0.342405798213916,-0.289116950567185,0.480034883714587,0.197147368555892,0.206660157534931,0.143297206034501,0.259844909118278,0.160208656022248,0.110162679865672,0.0225071272845387,0.115047856322465,0.0587577885540559,-0.00162996726180114,-0.123522483687316,-0.16514865745384,-0.467627594157581,0.239506433672709,0.17509236746257,0.0331473954295186,0.308182093389988,0.174576210886001,-0.00267443304764926,0.0650239711081713,-0.0274145688851968,-0.207769496712203,-0.112463978014235,-0.128269424783352,-0.234121325110363,0.402082213318179,-0.402082213318179,0.301216909986196,0.0949459462448369
"4077","gbr.272.26",0.109923332405532,0.585409279042286,0.404745869855785,-0.314722495927317,0.111751351040634,-0.180748089911923,-0.579177763807809,-0.365796933977726,-0.24741942883562,-0.065776602653948,0.371973177601593,0.0247720781681045,0.198653103456773,0.259763453942409,0.0911805581792426,0.142357789597367,0.218904277547684,0.0585398977574615,0.144166499301805,0.0954321642431815,0.0531669658697605,-0.208497244505862,-0.166900365253103,-0.349961628116265,0.236536914556011,0.201797820534753,0.0925531740729081,0.0406925236411885,0.0401265677349326,0.000828083372016931,-0.274824674331589,-0.147057762306885,-0.253106870139508,0.12035997708096,0.0637399000650336,-0.104257083873673,0.236056122153224,-0.236056122153224,0.092766104308632,0.143609863845723
"4158","gbr.28.46",0.163397723716357,0.583140731813945,0.299246407754152,-0.227235794762268,-0.0703031272080045,0.212816012998294,-0.58220292974364,-0.171014594440876,-0.0161371942562267,-0.332498510570487,0.151771574026722,0.143096123377163,0.0493749884104241,-0.0331271121073621,0.241938181114211,0.135047793134003,0.196473019796894,0.0439095069321184,0.162433545457884,0.0860880899253169,0.210570975455575,-0.258790718597334,-0.271303378346493,-0.297450616569224,-0.267575047225028,-0.110844867377559,-0.177577050002023,0.210689717399179,0.157146419444183,0.150363974325885,-0.0512860623262207,0.0234735398266336,-0.00861913948504691,0.039078753513763,-0.0345842227605514,0.0652851539878254,0.0160353364777506,-0.0160353364777507,-0.0140457779581249,0.0310213050402551
"4182","gbr.281.1",0.426447221151359,0.691785020651098,0.496912388246624,-0.351063999833629,-0.0135337334781282,-0.247217036697966,-0.616733144120868,-0.503889733865908,-0.339029569319134,-0.224635291739182,0.251458818472587,0.153131963531733,0.219066384346027,0.173301093647389,0.221805125542343,0.16387360492443,0.279847798246922,0.0514436844080464,0.209663150129855,0.0786243181910114,0.0654367331646434,-0.192490023413536,-0.184698210703151,-0.314444222756513,0.195476457274242,0.106752097835908,0.106490826764776,0.070344524669738,0.0882087830453454,-0.136694756729911,0.0237951310298935,-0.0752621821735667,-0.02785865996186,-0.145344960870134,-0.147736064551272,-0.219002533947041,0.22511625452093,-0.22511625452093,0.150297347502646,0.0723329593944987
"4263","gbr.289.14",0.238179509574325,0.810092044195542,0.53779906018478,-0.425964771455961,0.124484565031048,-0.177556241680482,-0.715689049108467,-0.466154881839884,-0.243181304365871,-0.242817455384511,0.159758279893467,0.24033408028454,0.303715383466716,0.219284244371168,0.326831667614552,0.225757148521768,0.356771606356166,0.096810570219327,0.190497544247184,0.155288821411295,0.218158269922079,-0.303001102757875,-0.224777985464103,-0.36178129759697,0.0439194364757615,0.0371329070145994,0.0850567246773609,0.048383090252986,-0.0722329883672257,-0.0823271417231013,0.0125101271735333,0.0282431494801594,0.00270197775857649,-0.137519624326197,-0.168842145923514,-0.1431849463626,0.0955759265996889,-0.0955759265996889,0.0372126583848159,0.058508436446523
"4396","gbr.3.114",0.29928757251148,0.538840189019331,0.325756857158098,-0.323398379484739,0.0270626791201085,0.100864228113133,-0.499635927019161,-0.252745961688844,-0.010026230568816,0.0294031825935089,0.279072347335003,0.019599586018059,0.0557128371433577,0.0986492136089915,0.115451079334738,0.253061373076745,0.0343166435958747,-0.00971157801067296,0.0406707393487666,-0.0333242498299868,-0.0457856647848646,-0.285957376416516,-0.394842254942521,-0.307356649842266,0.236677715483249,0.138942154695531,0.0672297082892398,0.136575400509837,-0.00669692093271946,0.0635942485844206,-0.077834642465222,0.0537553592030543,-0.0424839882866387,0.0109269847510621,0.0714658280479432,0.0556921146266721,0.103303083137436,-0.103303083137436,0.145123998272321,-0.046399227537831
"4504","gbr.30.8",0.344873048360669,0.840361765580769,0.651270297675826,-0.315055658104442,0.139831615561194,-0.232948889177456,-0.781328255789152,-0.6550598484086,-0.126017808069356,-0.215206229551181,0.0490720313450099,0.24782314491988,0.125240178244873,-0.0858158029381989,0.26302805654734,0.398919006622083,0.454327618151906,0.063547741142642,0.0903095817339184,0.0476853285464902,0.0485631429006183,-0.286676053583036,-0.11759149654811,-0.562476455529362,0.0634099989551303,0.0423019062558446,0.0797373208609824,0.0168086413931663,-0.0365070054953321,-0.121418161583306,-0.000652826378425707,-0.00849749031431304,-0.0681072930909375,0.00799163629957318,0.0133996511838047,-0.104759632879427,0.315788909173465,-0.315788909173465,0.134031245789589,0.181737245243895
"4607","gbr.31.57_gbr.31.58",0.0693306480641263,0.748083498859342,0.305896233876175,-0.644611492482236,-0.0900750917847026,-0.087941570844641,-0.689347079846097,-0.345592884569924,-0.520603476796298,-0.220093677539325,0.632022649506224,0.320465329076311,0.510040415026835,0.48442415086059,0.383666245983888,0.100355115524764,0.172512764527575,-0.0881878508019641,0.19389914452543,0.276047243580683,0.106830453342184,-0.296129292875831,-0.16644039667549,-0.427877651359653,0.304429447094566,0.159217577317701,0.242292389507103,0.105294037918338,0.244526918465232,0.0458242469249258,-0.134125703428552,-0.0891446321120808,-0.174079968395996,-0.143697200036991,-0.115883717125092,-0.324460765463495,0.279485887713146,-0.279485887713146,0.0600719974429698,0.22203876160554
"4833","gbr.328.8",0.169169741674848,0.603549521685719,0.423907526993549,-0.406206101164045,0.0948833662660827,-0.259766181374298,-0.546904173705765,-0.423595745751524,-0.528414261410257,-0.131671165793116,0.535147469703829,-0.0179634399613298,0.306456079297634,0.487781760406738,0.0911011537793887,0.145088785201975,0.144661328223213,0.0124870026988949,0.167156538972633,0.0798128641434294,0.0678027978948389,-0.144543728263954,-0.238793920557802,-0.24910162824014,0.317834193000539,0.330943897909368,0.337982281958421,0.0215691921831553,-0.060946666984139,0.0683866373734542,-0.109525597004807,-0.122801905972332,-0.171214459568119,-0.217019154950352,-0.138360553557292,-0.264669927965493,0.0919239103548613,-0.0919239103548612,0.0834190951684805,0.0064945347949052
"4868","gbr.33.68",0.165905453285178,0.538964481125338,0.302215033513225,-0.219331559207278,-0.0952466681522993,0.251355134241772,-0.398956484889923,-0.213838504725651,0.401990498984812,0.122235044997052,-0.172633170980424,0.185093859896623,-0.074291003889657,-0.280523307465039,0.234840546354668,0.242516459878388,0.221045880972304,-0.0903226901387771,-0.0601581437830148,-0.113826954820563,-0.0333725942610014,-0.284678069325853,-0.288666339578614,-0.467726628575082,-0.0621362190429421,-0.0104149234433549,-0.040718954225293,0.00273353553422515,-0.0694611875978959,0.0485017960279129,0.214774605119209,0.166773866950073,0.235625587682221,0.0765920531957237,0.104607454299872,0.185398339866289,0.0764797099545498,-0.0764797099545498,0.0598958237327721,0.0153405358030233
"5291","gbr.366.2",0.140749257874427,0.65347201686864,0.597467799836008,-0.131546069392154,0.322901975016389,-0.087236523764634,-0.678430146370377,-0.479454632548888,-0.34263285839812,-0.532938706036338,0.226771948489709,-0.0355069216320048,0.022679538906291,0.0445801047194005,0.0469878002977668,0.296995919714716,0.3394337988435,0.260514403234124,0.168356802990274,0.126915278173818,0.0736742960815258,-0.263126594825218,-0.122981685837137,-0.230455883608339,-0.0519085054162347,-0.0690462761769289,-0.139013142073074,0.0285333169823314,0.161953105277328,0.122761629425275,-0.0503717603178044,0.000800483931200887,-0.0257181461933279,-0.263815571100616,-0.0684956547100163,-0.210440767622487,0.102719376203655,-0.102719376203655,-0.0625256149459927,0.170028652513285
"5292","gbr.366.6",0.231493334362385,0.753944629477872,0.264308695123401,-0.628772975501386,-0.0458016453419084,0.126279338011393,-0.622404044706666,-0.176412670764926,-0.168294338478617,-0.132002189672089,0.394546219670701,0.362855878618193,0.425692460437239,0.362881080802993,0.483498067022414,0.17358978001665,-0.0187496738080911,0.0170452404950371,0.334033482406615,0.142881583777913,0.181951524510264,-0.325258391515902,-0.24503013830927,-0.492691604511753,0.144851365304414,0.0585008512271629,0.00995290830080601,0.154794085209251,0.000727548396653848,0.115674382896097,0.0310609442029553,-0.0599991897066114,-0.013818200538349,-0.0447346622911417,-0.110432567673512,-0.078560788415111,0.128705773613928,-0.128705773613928,0.216372209265356,-0.0949757932432346
"5314","gbr.369.3",0.176293737818257,0.698248790093727,0.345532429697873,-0.408935900739652,-0.074822687877868,0.111816595081369,-0.635113888050377,-0.282106843476616,-0.149925028095434,-0.356727564248694,0.215940462544664,0.363720901289607,0.226063215789909,0.01754434145287,0.390457841300096,0.19088114527748,0.320635023883987,-0.0732882765291709,0.105863342556759,0.17069221636293,0.057575573518647,-0.24845036718446,-0.127417128750105,-0.483957646106937,-0.114087051020917,0.0513119264306929,-0.122612261626936,0.173598187333298,0.263369525286766,-0.0127628719669415,0.0299502149831316,0.150254269223897,0.05968318701139,-0.0841328848160446,-0.0900532139442949,-0.188761219539675,0.355449765161855,-0.355449765161855,0.0247737152319766,0.33634469894505
"5410","gbr.375.26_gbr.375.27",0.279691968818538,0.653330787543283,0.244910982176817,-0.510521976322496,0.00294330169160893,-0.026358273879631,-0.591530912990064,-0.197071184401777,-0.281616864591614,-0.247159266242798,0.298594631522579,0.364356652715956,0.490313229442992,0.390157865837332,0.474658574488958,0.157304542036248,0.0276490631077334,0.0591768616998196,0.360650631551202,0.336016220306486,0.261603918353956,-0.218497700254894,-0.261900142080924,-0.302481038641064,0.0051304089732249,-0.0231710459579709,-0.00385484502155756,0.0760540905601397,0.161395040852464,-0.119432651141407,0.0163754025477109,-0.0150927202494583,-0.117922197857889,-0.0639069323972745,-0.130423867236499,-0.221177226772383,0.209073787984564,-0.209073787984564,0.153897521508877,0.0522214973859638
"5476","gbr.38.58",0.451066949727804,0.660037001222349,0.39093009594234,-0.326312427314842,-0.118623459961429,0.000153710208978191,-0.582108027462574,-0.318445272847543,-0.0874455090783292,-0.376913198721241,0.0486334769131586,0.356129961584979,0.118188798594688,-0.0899180403860884,0.352370066642411,0.208588285970807,0.324134109193559,-0.0667065486383201,0.206955587197276,0.089343727284877,0.101256399016162,-0.151805661749955,-0.0713261713148197,-0.471483551384055,-0.116200577612855,-0.153599047544401,-0.148852264149411,0.216117338702717,0.0630240837753261,0.0186991805681132,0.176411282269766,-0.00219330338728784,0.0399997308605518,-0.0422476662659205,-0.134139550381438,-0.0949343884476699,0.289247659403124,-0.289247659403124,0.229992930390528,0.0543959104759181
"5535","gbr.387.11",0.0482202699746354,0.59554264065164,0.328398071463897,-0.267827818873332,0.0245891657901876,0.31215967461849,-0.545613626046556,-0.250868816395373,-0.0025421629483612,-0.181851759982282,0.329422755389029,0.0565046436977653,-0.00738834430590138,-0.0517644736548186,0.176722686382319,0.182730884682765,0.196150023016744,-0.0255875788078664,0.0338778017530902,-0.0974006190535946,-0.0391174221612474,-0.354705631413713,-0.321383996694631,-0.35390436075135,0.10323197398368,-0.0858095902349115,-0.00359140020294164,0.200187728067021,0.195563657360665,0.25511062896954,0.00476037419463328,-0.0125669200195271,0.163676734921578,0.00257606441487479,-0.0531889564289109,-0.00465018179975871,0.0149665107307076,-0.0149665107307075,0.0797688059270043,-0.0681172195534684
"5626","gbr.394.11",0.138506268213096,0.822870610947785,0.522893411407956,-0.46422461250582,0.122824594469322,-0.113596661102734,-0.722764488212692,-0.458089225665881,-0.201149511745582,-0.176540623429155,0.223762865450239,0.275447077730345,0.276575616448476,0.169094283326419,0.326670305577081,0.290243728667525,0.252177475950582,0.138976772660404,0.130452594859692,0.0734659848405209,0.131489000117902,-0.343617614179852,-0.177327453120666,-0.493408037483293,0.0738456575242904,0.109139725743177,0.170744861417388,-0.00873123237338185,-0.00522783401341809,-0.0341869716629711,-0.0210087142993208,-0.00551358314992801,0.00814795467447578,-0.0837130118465663,-0.0517789852929971,-0.123343288066403,0.110127177669879,-0.110127177669879,0.0173118465475309,0.0941366440464496
"5775","gbr.40.22",-0.0274201484011159,0.659067269274447,0.249872031319398,-0.567817249866257,0.00998992176571802,-0.0177126859315345,-0.592670840685037,-0.28474731393196,-0.346833528701125,-0.0562569413185618,0.457828687370118,0.213536089002998,0.480016959567409,0.472212301548113,0.345421573860991,0.0438631858077079,0.0847688863551823,0.0688097464571757,0.189287566679112,0.275707452436153,0.124701039451103,-0.267633227266162,-0.401808946975765,-0.292233376658347,0.231910251407344,0.212094551529885,0.226608106656047,-0.022090676861077,0.122762445517194,-0.0149498671965451,-0.0568688443244094,0.00906557000250188,-0.00781243717885931,-0.219124028798033,-0.107247412076819,-0.202662583574024,0.0531222172379029,-0.0531222172379029,-0.0465031174186658,0.102738752891166
"5868","gbr.41.1",0.227340160245666,0.718786705254663,0.612320760876416,-0.194653320932005,0.21912377615712,-0.0635165643644513,-0.756919458332504,-0.54281498735644,-0.335485105027568,-0.420643844206944,0.370142658006748,-0.101955760242518,0.00864524968530573,0.0779210574032216,0.0127976909916999,0.326429613665118,0.377760571197884,0.105465374158371,0.067757709614353,0.150116891987691,-0.0233156505201867,-0.3731423219208,-0.30811937134784,-0.206767206367036,0.0889069243616374,0.115554381532823,-0.0439001891628254,0.0875276437150409,0.216778162575302,0.0520695785159747,-0.0870247070388199,-0.0184428212810416,-0.0614792426212305,-0.144668731232823,-0.167575873251489,-0.12789926064925,0.156341675687029,-0.156341675687029,-0.0158068584324656,0.175847209685888
"5996","gbr.42.4",-0.0300389566841873,0.702138785489035,0.437198974116574,-0.322695511422636,0.0406619299761037,-0.0923481719911331,-0.653510064343903,-0.41468105802312,-0.20601965151488,-0.11592022989441,0.224782751733978,0.0313425265735064,0.160332902590925,0.194943817742933,0.144452713714644,0.172905217563815,0.257993202296192,0.104664295590217,0.132116658959238,0.0283796796509052,0.178504824946535,-0.336226141295414,-0.373593138835073,-0.264442996056017,0.150006629444671,0.110833500150226,0.0992195182918353,-0.136884577853685,0.107564954634647,0.0141126686948917,-0.0670851841074745,-0.05383033263223,0.0751079554546696,-0.12227926894957,-0.0903272446742075,0.0142356923042474,-0.0902566518591847,0.0902566518591847,-0.0958406692095345,0.0081868309755553
"6006","gbr.42.71",0.262270677506855,0.822597836318543,0.41950213344145,-0.517766268177151,-0.0343983859627556,0.0239627964753999,-0.722275313563687,-0.371978807876184,-0.26773207017713,-0.381100180948551,0.343216247198107,0.429605864207627,0.360752374569239,0.13820969134355,0.486979830776469,0.280898696196159,0.248754983960273,-0.0707131077362876,0.181424758138936,0.160840308198439,0.137261308367067,-0.2163475316049,-0.22602330678163,-0.48003548674587,0.0927881792400166,-0.0510881171615333,-0.0110718483424608,0.249098855134245,0.142824178617776,0.0159750841313166,-0.0127211536976911,0.0191938520928576,-0.0572938719874739,-0.140706609924345,-0.0645745644960777,-0.219367462557234,0.31541431154014,-0.31541431154014,0.200709707350397,0.111667227035843
"6027","gbr.422.9",0.0947610909276456,0.751035130035636,0.533201183338123,-0.336560656364846,0.128996751912511,-0.126512893282646,-0.723170841149935,-0.493324711898209,-0.370423406340001,-0.223794721768084,0.422192306744558,-0.0501674923238547,0.190523171372913,0.295227665920733,0.107539320163758,0.222619574272666,0.23231519399132,0.128780628785924,0.104169733422874,0.100792587496639,0.189842378354084,-0.384822968417728,-0.234873185874045,-0.305860516727206,0.132702384709462,0.181539116175797,0.169855171786724,-0.00237952373618428,0.0435564106690788,0.106702727022612,-0.140314138361014,-0.119153910799747,0.0654800411909286,-0.168075127160797,-0.180377496455538,-0.116629344618218,-0.0927416690666656,0.0927416690666655,-0.109078582299096,0.0194898258875525
"6103","gbr.431.16",0.444019608334589,0.560906100008934,0.457368659766525,-0.154458511600433,0.11603138652893,0.0422829720500047,-0.58608895282732,-0.33500231224964,-0.217943209313858,-0.446493106544822,0.342533975571907,-0.022189985491512,-0.0632339036183176,-0.0247832399646374,0.0725884710558819,0.298102912545227,0.143331286008295,0.0659143756689033,0.171740731070761,-0.0500026333113627,0.0450076502438343,-0.264764009317539,-0.239546278962623,-0.146263520726724,0.0117097227469563,-0.103407687382361,-0.105031366682678,0.293833665317366,0.110242993131063,0.22539215513582,-0.0301691592301422,-0.200667547706357,-0.119667972161146,-0.0270833219385699,-0.10201895995045,-0.00348349679428958,0.0289463659971495,-0.0289463659971495,0.209457866235307,-0.189413543942371
"6275","gbr.45.5",0.0955376868557898,0.810930662611631,0.51369706739417,-0.437905000946578,0.0774919369141201,0.0013816704804038,-0.754179725149964,-0.428577438869964,-0.304999747635979,-0.203664895564371,0.461021045206548,0.0197269491733993,0.211646977781105,0.312982419795682,0.183381909143148,0.142510770184193,0.234371855478343,0.168151597267829,0.085798817844206,0.065854403628387,0.166025797277873,-0.452058765941827,-0.332323219403287,-0.335665988467977,0.165443322668931,0.169709080467919,0.165626181033448,0.1328060034398,-0.0132141164462112,0.158908628916312,-0.0479080116832304,-0.0377165503224513,0.0118537435748819,-0.164021505213795,-0.123446979485757,-0.137517426100405,-0.0690757612416305,0.0690757612416305,-0.0634925733165514,-0.00403611337385262
"6321","gbr.458.7",0.14395491033012,0.734507745660982,0.552709001320242,-0.345673719518726,0.191851879636759,0.0466139178666811,-0.757513118926346,-0.368366413137742,-0.418588264413664,-0.560635489805956,0.520153163045736,0.089733280328653,0.14997733609375,0.207995368149659,0.157337802732144,0.247629832793199,0.23637877310083,0.176128894214417,0.124666469610102,0.0392160785596459,0.162556913311176,-0.274354348573551,-0.235727015626383,-0.314838329369573,-0.0662961200752895,-0.0673110012367351,0.083958099439786,0.298719471984764,0.176181774363538,0.282763657650123,-0.147203115020974,-0.111347130380525,-0.075060259076258,-0.143513806245919,-0.195149541331013,-0.170761508784599,-0.0420131272646461,0.0420131272646462,0.0183176127619129,-0.0619597740830211
"6322","gbr.459.1",0.238298932281249,0.740951866547737,0.42804545708146,-0.425311591985827,0.035694381339251,-0.0285893893377648,-0.690636371984294,-0.33142934818757,-0.276563930931157,-0.456969099274404,0.261908045406693,0.325425093266203,0.279149701307193,0.148596131192595,0.373975021763366,0.181017435961733,0.289047164755543,0.0722160249155753,0.235267318962958,0.178778757782466,0.176696490960461,-0.192372578844343,-0.263650758759757,-0.326838628332964,-0.0412776278137369,-0.0832600175135774,-0.0968191350968602,0.215460683593557,0.150608423235021,0.0243908053879003,-0.0715541436897175,0.0132748898085498,-0.0767005795634334,-0.132513771980629,-0.104654955081531,-0.141592347408766,0.180967628674578,-0.180967628674578,0.0896409094720766,0.0907357810492624
"6555","gbr.480.2",0.216753916224221,0.577998062564784,0.454222484579579,-0.142515672181883,0.177320618221586,-0.135990759470915,-0.531112653906979,-0.419676978905701,0.102499345280079,-0.0955237637409233,-0.161552541536446,0.185048015457846,0.077972928971309,-0.131035997003173,0.242796380461521,0.281005858657406,0.320964715600999,0.159741915258234,0.032551727279428,0.0598275634314545,0.165402414480731,-0.185033955265626,-0.28481423017292,-0.239557677844734,-0.0180230178492309,-0.165209738192912,0.0129567477918342,-0.0365218140176608,-0.108305141597135,-0.210469375745725,-0.00598911910931832,0.0589033492853786,-0.0495324590289605,0.0731281738374747,0.028541389962255,0.101183880669334,0.0376696910686903,-0.0376696910686903,0.0651966588097445,-0.0297506266971648
"6899","gbr.522.15",0.00514910452863283,0.692718370017239,0.212805742398144,-0.535972296937827,0.0181307618652004,0.133817179833219,-0.554788310283324,-0.204032834050195,0.0646036411600655,0.063962631334105,0.155745203289519,0.39585320141448,0.429927994471106,0.239351893197057,0.520416458886967,0.113634863454387,0.143492559153085,0.00123515958980115,0.17211352510617,0.178175022569132,0.16854911138272,-0.3122590837236,-0.325868279758194,-0.481169596812812,0.0922325290310976,-0.0481184197401293,0.170076738088268,0.0762729444216552,-0.132394932450553,-0.0508795793367118,0.064581075015071,0.0419010166193299,0.0596342201351993,-0.00514606973023953,0.00118305735651983,0.0383595544969983,0.0450604025420698,-0.0450604025420697,0.0930608604446223,-0.0513407648534883
"7302","gbr.58.231",0.515814814859471,0.828424423535603,0.591314139322673,-0.344351579462154,-4.80507245662009e-05,-0.133005030976482,-0.735147883987196,-0.515900871539141,-0.133393169999567,-0.242256069417858,0.153691417244937,0.183079228555168,0.093569105042951,-0.0159418848561127,0.25922243252584,0.31753296990875,0.307804441017227,0.0427453295958069,0.169482609033336,0.0525983600008487,0.0385951511624681,-0.116866117343289,-0.370259405912722,-0.512744226227634,0.120242527334723,0.013917135069209,0.00103817223714065,0.18285023119282,-0.10479442002666,-0.00787628235618821,0.0487688940094197,-0.0419540620645585,-0.0396018847255447,-0.0030630476117363,-0.0715674319261852,-0.064018551870904,0.259915764862568,-0.259915764862568,0.332155079047502,-0.0822697007706342
"7362","gbr.59.14",0.23190398690128,0.873518682970981,0.591889387783589,-0.426331585483796,0.117687430240952,-0.129757378016349,-0.816185059285699,-0.578145977396244,-0.233021041922812,-0.186263124982148,0.319071890761881,0.180055214174088,0.200257075911432,0.108046813152436,0.256819194384156,0.335795436115252,0.246949874198735,0.148839397634045,0.0863979142239997,0.0691014596999961,0.0686928290070364,-0.344779373703601,-0.234957617717397,-0.534988011561618,0.0835566858624467,0.125135271692028,0.236496218137636,0.0324788317463799,0.0601170127990145,0.0366618353616583,-0.113741313840458,-0.0200492225858301,-0.0906494472460572,-0.0447012332514817,-0.0390017392556326,-0.0797842272264402,0.116523496640375,-0.116523496640375,0.0161732617974489,0.101845072969748
"7389","gbr.59.6",0.220926593001497,0.765552923316807,0.549923286933345,-0.306558300871995,0.183128644162901,0.0176599994299904,-0.77251513721981,-0.448461478968987,-0.267085314792445,-0.412798596134245,0.362603581607234,0.124374866598881,0.142830859739341,0.101978307021453,0.209755668128487,0.269262933318855,0.308384920472919,0.158355827844854,0.0731294773724936,0.144895271771777,0.0866971684737861,-0.30057656555565,-0.387038513149086,-0.280711759825671,-0.00789122417337491,-0.000121232191867765,0.0308975820341275,0.244448001339426,0.137160776192903,0.0511602210327914,-0.0722179752404822,-0.0854452711659817,-0.0913262296365178,-0.0833134321443726,-0.0390471405788167,-0.146797001008023,0.107144924299027,-0.107144924299027,0.0567528245096811,0.0498761392556664
"7403","gbr.592.2",0.0696400364116849,0.747755329671248,0.272552517685887,-0.659956406780278,-0.014952713921115,-0.094730562879214,-0.683209847788735,-0.242885268487228,-0.428568876156734,-0.330318754176153,0.445816739540758,0.508729737007108,0.629680639607675,0.499664716697729,0.549383551762006,0.115198658206412,0.121597147492664,0.0302331708434015,0.335613365247071,0.315346040469832,0.293668742336598,-0.221581530880343,-0.136578040229812,-0.419269704314385,0.0381021887468628,0.0277110571848546,0.132424230260994,0.122084456587801,0.123326637549703,0.000584306628352138,-0.158874950265514,-0.0964130401962806,-0.174989856386662,-0.134738124121586,-0.139035482741517,-0.174976333943911,0.145522468199775,-0.145522468199774,0.0442616202386407,0.102041505217566
"7422","gbr.6.115",0.0789861934331562,0.717991338192593,0.329889013557201,-0.56156719012521,0.00414239844178892,-0.00305299353396744,-0.612346150880105,-0.332317177463739,-0.215958051054308,-0.0113247558679498,0.450176170956941,0.254351265275778,0.381279732423688,0.319768812468031,0.355798342782345,0.106470907159806,0.125542145666747,0.0602237927433436,0.125669525635723,0.0786814116827923,0.0829578539988439,-0.285256103636996,-0.286539771167669,-0.45413838655203,0.188161681832501,0.173004065614837,0.311563629926262,0.0891411373937502,0.0392552603011824,0.0546035021382241,-0.0691693652313964,-0.0230288614899914,-0.159187217472266,-0.0280635373450571,-0.0698585440774897,-0.0728893136503286,0.0870163991945924,-0.0870163991945924,0.0586530509161237,0.0273772817212735
"7665","gbr.63.62",0.0857984441845624,0.621515755502355,0.279629578372544,-0.438607499689331,-0.017427507974376,0.163447009905724,-0.507367662024114,-0.261903284724175,0.0447117005788414,0.214226991290886,0.268739983869586,0.0595632907657475,0.183356025533396,0.218460475209108,0.207107803647954,0.0671121932012486,0.111287966302157,0.0402815032131554,0.0198951657273225,0.0825137633415219,0.000733892594012268,-0.452172057850438,-0.420107677463163,-0.343758989213397,0.237843222089327,0.23945487520102,0.193958955527148,-0.054649970413828,-0.0662809317120884,0.0974008285497279,0.154396232835478,0.0442477803711418,0.098348159514128,-0.0593952057984196,-0.0689887472188251,0.0630364438863993,-0.0600402443466352,0.0600402443466352,-0.0401804638533687,-0.0191924708368606
"7779","gbr.658.3",0.299239307457505,0.600647428458602,0.5192809229223,-0.168446626569722,0.0380442636793295,-0.0640258660098652,-0.56427780877808,-0.459954504743411,-0.251461644079474,-0.418810081660086,0.261832249694544,0.0776451344085069,-0.0202469883624303,-0.126916599723823,0.11080660406859,0.338978433370978,0.278052037344175,-0.0397776095915621,0.0671597974832364,-0.0241467833685498,-0.0735205400460473,-0.146412161426103,-0.150514073014346,-0.289582003038613,-0.0013703105980756,-0.009215556521446,-0.0108196603884721,0.198207714351984,0.159886520952166,0.128077971269455,0.0300702039300376,0.02979452907277,-0.0840098930510258,-0.16225094458159,-0.082692317193893,-0.159662802207933,0.247824697891692,-0.247824697891692,0.149865306246987,0.0959265381020652
"7899","gbr.69.49",-0.102012123287125,0.504034986034157,0.357842972904284,-0.165399701726606,0.296105353791142,-0.0190258137922442,-0.56827642472825,-0.35238699410422,-0.114815076407697,-0.219723796558671,0.171480353702043,0.0698366849308985,0.11736533744597,0.0139701907720253,0.132658302506298,0.280553639641346,0.258817461824127,0.123577119578316,0.0521241199001119,0.126854334014729,0.102483079092772,-0.2719291821007,-0.18633874644626,-0.242551686243986,0.0011266691254694,-0.0548066299483765,-0.00377414339492429,-0.0374416301148095,0.10525187365815,0.0428732181753787,-0.252678595165031,0.0533316168718131,-0.117304984473389,-0.00703910253915607,0.101851676775788,-0.0370729832250376,0.073717339502634,-0.073717339502634,-0.10870159646576,0.188733178907413
"7918","gbr.7.105",0.115293341948921,0.664060413233965,0.5487678972659,-0.190156244758451,0.24058518959523,-0.122216374193645,-0.621646385602049,-0.448555213841401,-0.266821341138211,-0.314611420010132,0.268179680979833,0.000171639229381062,0.100448137303493,0.100698463064919,0.10991584440013,0.235234861541675,0.257301104380273,0.244217135402415,0.00759401883582233,0.0283302431209895,0.194448268310993,-0.231704896273431,-0.207278045979773,-0.242415004098511,0.0138043424801335,0.0904645713438726,0.0521262662873909,0.0584671943808964,0.0499159571073449,0.0165346498044078,-0.0998754846303194,-0.0429003898305364,-0.0367494929211883,-0.179778079913017,-0.0600862862504481,-0.0995735675543043,-0.0343869873943066,0.0343869873943065,-0.0906715088526638,0.0597207720301454
"7955","gbr.7.173",0.307145442573868,0.629899438542623,0.464884414355177,-0.275168178809969,0.0155438069852447,-0.218170816782436,-0.577650719180466,-0.418254844352145,-0.214864085678648,-0.194944728766937,0.139686134997924,0.126554884506269,0.143047164999326,0.116030864290632,0.170990724504231,0.212132386283223,0.322763279188738,-0.0285060316741669,0.180991697412623,0.0116929946426675,0.174578279703097,-0.160019275754345,-0.0993606807402673,-0.372279588415117,0.149169691738026,0.102135791650767,-0.0421808799920542,0.0444232643725926,-0.127817386489977,0.00039315105030502,-0.0779504206267351,0.0161720188750334,-0.0628692076006284,-0.0435093227998704,-0.0883551199271704,-0.120753581559063,0.208715790757656,-0.208715790757656,0.141020420792498,0.0653150262038541
"8006","gbr.70.17",0.396150868707658,0.823853796535117,0.745364651077083,-0.205411755287803,0.251167281624812,-0.300729200114342,-0.802082741892544,-0.711180234776992,-0.179300728646344,-0.334650909732166,0.0195686332354035,0.146636227769746,0.0171384489725597,-0.15619009021861,0.156198168841633,0.517897414439494,0.433701847318456,0.132641167133648,0.0980310132678863,0.0938638574026511,-0.0265732899769094,-0.232413863372651,-0.181509255582858,-0.439361251229153,0.0485000160650225,0.00595735759179417,-0.00512597284020911,0.0549074195066406,0.00837663644722235,-0.190976353747797,-0.0952742850460757,0.00391153057530898,-0.0790544812156157,0.00868040465663503,-0.0316286684307609,-0.103034502795962,0.342863656544775,-0.342863656544775,0.184952188307538,0.156109485782724
"8158","gbr.73.46",0.164312848588223,0.640627077399615,0.453103380826015,-0.298823692606095,0.049520346075851,-0.339463062594598,-0.659755412572004,-0.409174878084165,-0.468935172809777,-0.329097038324139,0.26748468375383,0.0473966121937598,0.319551550750416,0.415871106773976,0.146885335772612,0.22056468656885,0.203344619689112,0.0376333161374561,0.16632430946792,0.388277165449115,0.374755526044199,-0.0901321425765631,-0.242190684112803,-0.200838288515205,0.0460698992922903,0.111845944346908,0.0188875916323294,-0.00397881028301179,-0.113466429770204,0.00192310880693579,-0.193060549844948,-0.176634590051329,-0.0928117362576366,-0.167703361760615,-0.21116230188026,-0.0968404345322624,-0.0190800003743263,0.0190800003743263,-0.0101252104286079,-0.00886205804056001
"8190","gbr.74.3",0.138499071710238,0.691595403724965,0.282810671349995,-0.552220666015217,-0.10441074612891,0.0558864496056453,-0.612321921101805,-0.294861733867415,-0.281038611146221,-0.0340528623577208,0.4895648768239,0.12058656199551,0.341019368157238,0.4028281611391,0.261584541177356,-0.0113677187171362,0.129876220348032,0.0262920754976225,0.121340246085974,0.136925698657437,0.159917139767969,-0.402109416838049,-0.260195602115529,-0.413384710786082,0.291130182985346,0.202723954188779,0.200177059988225,0.111052419291394,0.0381038928221812,0.0935975163898715,0.0461677429447084,0.0145575961840868,-0.0179827504396891,-0.187224904782439,-0.126225054881182,-0.152487201817124,0.0546721814289928,-0.0546721814289928,-0.0143273357056317,0.0706901439975526
"8277","gbr.76.37",0.271041326753666,0.598739832540414,0.329398557679688,-0.344603919156786,0.0183222335246353,0.102260196741081,-0.52788645538337,-0.242972390030522,-0.0765212659940244,-0.22542063199893,0.168014568165618,0.2755535982837,0.182398515952496,0.0487493811144131,0.325292814068027,0.185594805823845,0.166085076077921,0.0267547677141069,0.0298650479847469,0.140374140256537,0.21701450388253,-0.297214471825532,-0.133793590452964,-0.322430133618332,-0.102546117543421,-0.074466149506139,0.0187015577891056,0.0209154064977882,0.0785442059726006,0.148415847808459,-0.0552006872185745,-0.0121284710505182,0.12411672359165,-0.116602599582236,-0.0034653522788681,-0.0120414660803912,-0.0829232999493967,0.0829232999493967,-0.154857640463805,0.0773411498572864
"8383","gbr.79.45",0.246688190023513,0.558398694237783,0.433485652872799,-0.179276143139198,0.014262651690595,-0.138198776057556,-0.569237648008975,-0.420323492356557,-0.401554884520962,-0.275004858864501,0.452708555418643,-0.125138928102677,0.0594632653511135,0.182136138699185,-0.0128723488586752,0.219397093915413,0.250768622976832,-0.0756619188204541,0.0906490774690732,0.134017535259121,-0.0200716010906917,-0.159720168914045,-0.29179653628366,-0.153609970334843,0.151164959334296,0.262771058805946,0.0228999619639445,0.130700989064082,0.120733068110781,0.0750345807692142,-0.144245112881692,-0.102334696460207,-0.139674379402826,-0.0844187951159891,-0.124507913173609,-0.189505330357945,0.217115164149397,-0.217115164149397,0.0940302593692106,0.122986031707874
"8472","gbr.80.47",0.229532179359896,0.789400424901613,0.633856711026055,-0.285946636306854,0.203978854072567,0.00781039626170496,-0.814568886396278,-0.510393381153681,-0.455364297686886,-0.622371091574817,0.477179324061269,0.0586164618827278,0.0739091908657463,0.0877488287161376,0.124678770951506,0.325347840828812,0.348337382274668,0.142232041332383,0.079052677457737,0.103644042412613,0.0614663099009213,-0.36957994586222,-0.175798670519334,-0.302381118617533,-0.0397006286500146,0.00618734783892112,-0.00682743053273889,0.246399749310793,0.280083097532455,0.189981970636518,-0.0523558324482006,-0.0621482425391515,-0.0373825226974267,-0.25411705082059,-0.18501466205961,-0.244623333043453,0.114543800950452,-0.114543800950452,-0.0300084707427583,0.148093912125814
"8545","gbr.81.41",0.331886902769235,0.736242200111928,0.568794986087889,-0.266328502642646,0.176406717981616,-0.15680646078654,-0.645097735896589,-0.550249157587756,0.0286584529012892,-0.0685181244796995,-0.0696705643067779,0.17503843420657,0.0702996817291958,-0.0977487675156486,0.237430799860983,0.459516323779395,0.253762157946648,0.0785316307997172,0.0134787391673718,0.0455082546858291,0.0369113268725765,-0.270431715605196,-0.278913688867512,-0.405329843891002,0.156490580321509,-0.0492955827942063,0.0485997202248238,-0.00720948487337432,-0.159581995579437,-0.119458806338136,0.0424897812554048,0.0851816995590544,0.0805390744096136,0.0297420460169369,-0.0406560941542026,-0.0159716824358785,0.147782602477581,-0.147782602477581,0.195923869279816,-0.0541633539621273
"8591","gbr.82.28",0.17253296735853,0.64446847820231,0.184831164503287,-0.54424978825557,0.0538354899981655,0.135552346771192,-0.563210517459823,-0.169072133490841,-0.055942750302911,-0.103852058809738,0.240914991150791,0.417189390849143,0.438931908025892,0.262307976550715,0.530290140559507,0.121211460711658,0.01209296390598,0.14026375669954,0.292544636239706,0.146696640598671,0.16230388148775,-0.298888325955611,-0.275281351636905,-0.394822469166286,0.0591581058346727,-0.111813133743316,0.0792572165419887,0.172887498666324,0.110680496353468,-0.119325544653669,-0.0160212488500097,0.060462858288793,-0.0132422408914678,0.0163425242250065,0.000209049545519726,-0.146479063155408,0.14957304755472,-0.14957304755472,0.160422926604369,-0.0152352986785295
"8680","gbr.85.46",0.182189315794662,0.609864901888527,0.305588232968236,-0.383958901341007,-0.0192730319155138,-0.140934830175313,-0.502190748081031,-0.309090719775192,-0.245247127266209,-0.052551658615018,0.257664561950433,0.102359709330235,0.303862635352116,0.336465518188966,0.243587145976404,0.169250757250128,0.0275728338154326,0.0429405568968159,0.190628679873559,0.151852675078592,0.196929759727998,-0.269977110783383,-0.223742525698527,-0.236184765023266,0.265137666601159,0.0671515363711462,0.119307846571195,-0.0911822923474699,-0.0232847792042781,-0.0148509838510208,0.033106948968886,0.0234883802516449,0.000981024294983592,-0.153338988960945,-0.211028968162684,-0.086277712923127,-0.00650290638753854,0.0065029063875385,0.0663552694162379,-0.0759775593576411
"8831","gbr.9.85",-0.0450966265641456,0.761303483312557,0.230807500308871,-0.613421380570466,-0.0925006273867113,0.0854448691042873,-0.656391276704201,-0.18437789674474,-0.157310665724953,-0.169474395430246,0.270974757077172,0.425117366055994,0.515127106699644,0.364176146112637,0.542690284441134,0.101515789998483,0.110264429720452,0.00339223774172543,0.229279070479468,0.25337706144888,0.385339158357796,-0.439657062475684,-0.155060168378995,-0.414109245075402,-0.00332453360390579,0.00320706507714382,0.0110342133828891,0.0567012004965533,0.0608971960321078,0.0328330936797312,-0.023016766137591,0.0985130675769253,-0.0477574077754133,-0.0735946182268281,-0.0363409510790299,-0.142170508358771,0.0811082808088706,-0.0811082808088706,-0.0702690036479662,0.156097836004077
"8859","gbr.90.126",0.073033956719161,0.497793425155897,0.399879160492271,-0.182350872184777,0.238657006316254,-0.268506785426292,-0.579329914922263,-0.429772023978596,-0.318753908096675,-0.179618603145908,0.273447621909202,-0.0490357759225218,0.159290923796921,0.239333392039344,0.0256947855239972,0.200636895474408,0.12683148185266,0.236163857461595,0.167849423299991,0.113744547023921,0.19238361775958,-0.227881564846276,-0.157330064418752,-0.177378152166412,0.153348172319072,-0.0786745555629899,0.141721019179935,-0.0351990835156555,0.153458893174728,-0.0748784027226568,-0.336111447660692,-0.149246373685824,-0.248579588417668,-0.0202485838310708,0.0460271211718677,-0.00226419592771646,-0.0163184685767575,0.0163184685767575,-0.0450942047871743,0.0304996657783765
"8883","gbr.90.34",0.401874089783664,0.711980894978934,0.379022167702998,-0.52446631360891,0.0554825199869365,-0.114798302344011,-0.648264869048497,-0.311726824391404,-0.354900817690009,-0.211801047764356,0.405821762759434,0.217911502915594,0.401900029778762,0.436662362578559,0.341821356409552,0.226647207523888,0.0258028460973266,0.0671787199724451,0.266898623747786,0.173507847375533,0.229041177121588,-0.253826717530474,-0.380484520815365,-0.224833812366776,0.164710824686277,0.0478345061357606,0.174427393014407,0.104647130245199,-0.00665014087119949,0.0190976174379962,0.0049417970088971,-0.0936980290430981,-0.132953466901889,-0.137990433018821,-0.215419946820057,-0.112345233171032,-0.00561176220432375,0.00561176220432374,0.173725696737834,-0.187286432766568
"8941","gbr.92.30",0.102902602911059,0.763933167882089,0.325291746048591,-0.634554609748402,-0.0326509871791706,-0.13966745739374,-0.666218385198562,-0.362763593426529,-0.304317635974,-0.0029231772302775,0.376873508758006,0.316445774932772,0.545443034357081,0.487597237586988,0.433506136276972,0.114500042863687,0.187715944610082,-0.0395843237099354,0.234175346681135,0.199537842705592,0.232519276894736,-0.375082920841087,-0.30964200067957,-0.337438115826974,0.260071724331278,0.17826317702514,0.30368836344371,-0.0327578568147745,-0.00863432149842107,-0.10137874502193,-0.0944431414282442,0.0154412737099942,-0.058745993961579,-0.136887914378828,-0.108296199932495,-0.156787741183381,0.0649695005230782,-0.0649695005230782,-0.014056265827686,0.0809007730583914
"9017","gbr.94.70",0.192531325225815,0.647844058509791,0.354370326273677,-0.391641592296567,0.173000028466166,-0.0376573577004263,-0.645481322881049,-0.265472719242957,-0.253477948828191,-0.430320359544202,0.177661616130836,0.366345104915899,0.360157312314814,0.220717587997504,0.414806160980554,0.330241862518183,0.155460496170376,0.0837916693973227,0.283420610733125,0.289363238013933,0.276416344734805,-0.170848100465083,-0.134698206579496,-0.368278688885537,-0.186169685874164,-0.0943334058519451,-0.109711548348114,0.0413477238542499,0.140687079713851,-0.0229309902971059,-0.0381815450926448,-0.0713660540185199,-0.0437214698329135,-0.0800808042681982,-0.0264926499400095,-0.231129348178582,0.204007742393133,-0.204007742393133,0.0830355564373038,0.121119332562261
"9028","gbr.95.18",0.0673881395360682,0.708327310402449,0.394894691725265,-0.377195872917691,0.192099800150039,0.125613764632593,-0.688842378022411,-0.331507919535036,-0.174655747783472,-0.170226175734574,0.378049798589027,0.072235840910648,0.24683798770499,0.282271961781095,0.235227493375912,0.198294126825926,0.139354749616614,0.160629990974854,0.150579732676604,0.124652432432567,0.24332105608116,-0.424476670510946,-0.4230323873715,-0.258662892660823,0.0805847026068632,-0.00885368299898964,0.0954954872198382,0.0360570297309708,0.0441731895083042,0.144251563650299,-0.015999481624739,-0.0580332083706505,0.0560927079319716,-0.180118959765638,-0.0720680593017145,-0.0310924435372362,-0.169682090743788,0.169682090743788,-0.071646969569777,-0.0980409288533061
"9050","gbr.96.33",-0.200086985620543,0.622345455280312,0.301508429289453,-0.350109578265258,0.178537031662015,0.137505387784276,-0.540710389246138,-0.264342454058894,0.0805466494976235,0.0503702820159671,0.134587696014004,0.137048992528069,0.228609935897454,0.152073657141712,0.26390572911261,0.138548736218375,0.154379799846692,0.182980201933485,0.0585149759192358,0.0941086553351788,0.127627649999348,-0.390676043849212,-0.261282232099748,-0.408466543551675,0.125202346958277,0.0847048042959827,0.0108285194253307,0.0055999060500306,-0.129772737984701,0.0532104625270045,0.0713222412677176,0.0564969441815252,-0.0314449883941983,-0.0313356500938644,0.0123232154554136,0.102179085116949,0.00362795537380658,-0.00362795537380659,-0.0105444852799083,0.0147176810652675
"9151","gbr.99.73",0.15375998764653,0.609002961485574,0.401854235801159,-0.273192346505703,0.158748455603264,0.0892620932329776,-0.655929317646683,-0.321344975338448,-0.154144881533547,-0.0994701698622592,0.365698272906942,-0.138637064147537,0.0799347378825003,0.262138721332541,0.0156528820887583,0.169117926603692,0.140342675836116,0.147449107183652,0.128918362000329,0.139019016723169,0.112575221496182,-0.501220081379159,-0.402457472138021,-0.190885558922848,0.111942127737315,0.168240556085339,0.0285620924914504,-0.0148289793595323,0.0669294422703744,0.141830349993994,-0.0895620870069889,-0.14270932245009,0.0477115521318731,-0.0796167043821467,-0.0814150892190349,0.10894172242672,-0.164949267374451,0.164949267374451,-0.127165649868796,-0.035192993372331
